{ "type": "FeatureCollection", "features": [{ "type": "Feature", "geometry": {"type": "Point", "coordinates": [4.40839083561169,50.8575435641379]}, "properties": {"ID": 1,"GroupSecteur": "Radium","Secteur": "Radium","Rue": "Chaussée de Louvain","Total Interventions": 5,"Total Taxe": 0,"Total Mediation": 0,"Total Balayage": "","Total Déchetterie Mobile": 0}},{ "type": "Feature", "geometry": {"type": "Point", "coordinates": [4.39090231992595,50.8584360481665]}, "properties": {"ID": 2,"GroupSecteur": "Radium","Secteur": "Radium 1","Rue": "Avenue Chazal","Total Interventions": 335,"Total Taxe": 6,"Total Mediation": 0,"Total Balayage": 26.6666666666667,"Total Déchetterie Mobile": 0}},{ "type": "Feature", "geometry": {"type": "Point", "coordinates": [4.38564669708063,50.860437942279]}, "properties": {"ID": 3,"GroupSecteur": "Radium","Secteur": "Radium 1","Rue": "Avenue des Azalées","Total Interventions": 40,"Total Taxe": 0,"Total Mediation": 0,"Total Balayage": 18.6666666666667,"Total Déchetterie Mobile": 0}},{ "type": "Feature", "geometry": {"type": "Point", "coordinates": [4.3942126931374,50.8577039766126]}, "properties": {"ID": 4,"GroupSecteur": "Radium","Secteur": "Radium 1","Rue": "Avenue Ernest Cambier","Total Interventions": 71,"Total Taxe": 0,"Total Mediation": 0,"Total Balayage": 9.91666666666667,"Total Déchetterie Mobile": 0}},{ "type": "Feature", "geometry": {"type": "Point", "coordinates": [4.39071091700835,50.8592787427632]}, "properties": {"ID": 5,"GroupSecteur": "Radium","Secteur": "Radium 1","Rue": "Avenue Général Eisenhower","Total Interventions": 205,"Total Taxe": 0,"Total Mediation": 0,"Total Balayage": 9.5,"Total Déchetterie Mobile": 0}},{ "type": "Feature", "geometry": {"type": "Point", "coordinates": [4.3807242611638,50.8621802401663]}, "properties": {"ID": 6,"GroupSecteur": "Radium","Secteur": "Radium 1","Rue": "Avenue Paul Deschanel","Total Interventions": 462,"Total Taxe": 2,"Total Mediation": 0,"Total Balayage": 56.5,"Total Déchetterie Mobile": 0}},{ "type": "Feature", "geometry": {"type": "Point", "coordinates": [4.3932038233588,50.8560465993798]}, "properties": {"ID": 7,"GroupSecteur": "Radium","Secteur": "Radium 1","Rue": "Avenue Rogier","Total Interventions": "","Total Taxe": "","Total Mediation": "","Total Balayage": 46.6666666666667,"Total Déchetterie Mobile": 0}},{ "type": "Feature", "geometry": {"type": "Point", "coordinates": [4.39861470619486,50.8553282078456]}, "properties": {"ID": 8,"GroupSecteur": "Radium","Secteur": "Radium 1","Rue": "Boulevard Général Wahis","Total Interventions": 1,"Total Taxe": 0,"Total Mediation": 0,"Total Balayage": "","Total Déchetterie Mobile": 0}},{ "type": "Feature", "geometry": {"type": "Point", "coordinates": [4.3912036523941,50.8564709654486]}, "properties": {"ID": 9,"GroupSecteur": "Radium","Secteur": "Radium 1","Rue": "Place de la Patrie","Total Interventions": 63,"Total Taxe": 1,"Total Mediation": 0,"Total Balayage": 15.835,"Total Déchetterie Mobile": 0}},{ "type": "Feature", "geometry": {"type": "Point", "coordinates": [4.38418319328755,50.8578656492437]}, "properties": {"ID": 10,"GroupSecteur": "Radium","Secteur": "Radium 1","Rue": "Place des Bienfaiteurs","Total Interventions": 69,"Total Taxe": 0,"Total Mediation": 0,"Total Balayage": 16.6666666666667,"Total Déchetterie Mobile": 0}},{ "type": "Feature", "geometry": {"type": "Point", "coordinates": [4.3925443519622,50.8568101480134]}, "properties": {"ID": 11,"GroupSecteur": "Radium","Secteur": "Radium 1","Rue": "Rue des Chardons","Total Interventions": 26,"Total Taxe": 0,"Total Mediation": 0,"Total Balayage": 11.3333333333333,"Total Déchetterie Mobile": 0}},{ "type": "Feature", "geometry": {"type": "Point", "coordinates": [4.37831640311138,50.8606871779884]}, "properties": {"ID": 12,"GroupSecteur": "Radium","Secteur": "Radium 1","Rue": "Rue des Coteaux","Total Interventions": 638,"Total Taxe": 2,"Total Mediation": 0,"Total Balayage": 18.25,"Total Déchetterie Mobile": 0}},{ "type": "Feature", "geometry": {"type": "Point", "coordinates": [4.38276587974384,50.861849337577]}, "properties": {"ID": 13,"GroupSecteur": "Radium","Secteur": "Radium 1","Rue": "Rue des Pâquerettes","Total Interventions": 50,"Total Taxe": 0,"Total Mediation": 0,"Total Balayage": 9.75,"Total Déchetterie Mobile": 0}},{ "type": "Feature", "geometry": {"type": "Point", "coordinates": [4.38280383941496,50.8605040242397]}, "properties": {"ID": 14,"GroupSecteur": "Radium","Secteur": "Radium 1","Rue": "Rue Fontaine d'Amour","Total Interventions": 18,"Total Taxe": 0,"Total Mediation": 0,"Total Balayage": 9.16666666666667,"Total Déchetterie Mobile": 0}},{ "type": "Feature", "geometry": {"type": "Point", "coordinates": [4.38509435192127,50.8594898147003]}, "properties": {"ID": 15,"GroupSecteur": "Radium","Secteur": "Radium 1","Rue": "Rue Frans Binjé","Total Interventions": 21,"Total Taxe": 0,"Total Mediation": 0,"Total Balayage": 9.58333333333333,"Total Déchetterie Mobile": 0}},{ "type": "Feature", "geometry": {"type": "Point", "coordinates": [4.38352869554611,50.8588116674769]}, "properties": {"ID": 16,"GroupSecteur": "Radium","Secteur": "Radium 1","Rue": "Rue Godefroid Devreese","Total Interventions": 14,"Total Taxe": 0,"Total Mediation": 0,"Total Balayage": 9.66666666666667,"Total Déchetterie Mobile": 0}},{ "type": "Feature", "geometry": {"type": "Point", "coordinates": [4.38949974154477,50.8592486648601]}, "properties": {"ID": 17,"GroupSecteur": "Radium","Secteur": "Radium 1","Rue": "Rue Henri Stacquet","Total Interventions": 32,"Total Taxe": 0,"Total Mediation": 0,"Total Balayage": 9.5,"Total Déchetterie Mobile": 0}},{ "type": "Feature", "geometry": {"type": "Point", "coordinates": [4.3789519781498,50.8607807568641]}, "properties": {"ID": 18,"GroupSecteur": "Radium","Secteur": "Radium 1","Rue": "Rue Henry Villard","Total Interventions": 24,"Total Taxe": 0,"Total Mediation": 0,"Total Balayage": 18.0833333333333,"Total Déchetterie Mobile": 0}},{ "type": "Feature", "geometry": {"type": "Point", "coordinates": [4.38560266942701,50.8588360107103]}, "properties": {"ID": 19,"GroupSecteur": "Radium","Secteur": "Radium 1","Rue": "Rue Josse Impens","Total Interventions": 102,"Total Taxe": 0,"Total Mediation": 0,"Total Balayage": 9.58333333333333,"Total Déchetterie Mobile": 0}},{ "type": "Feature", "geometry": {"type": "Point", "coordinates": [4.38972906328963,50.8579590696271]}, "properties": {"ID": 20,"GroupSecteur": "Radium","Secteur": "Radium 1","Rue": "Rue Paul Devigne","Total Interventions": 86,"Total Taxe": 1,"Total Mediation": 0,"Total Balayage": 11,"Total Déchetterie Mobile": 0}},{ "type": "Feature", "geometry": {"type": "Point", "coordinates": [4.37769329830373,50.8589346335958]}, "properties": {"ID": 21,"GroupSecteur": "Radium","Secteur": "Radium 1","Rue": "Rue Thiéfry","Total Interventions": "","Total Taxe": "","Total Mediation": "","Total Balayage": 18.5,"Total Déchetterie Mobile": 0}},{ "type": "Feature", "geometry": {"type": "Point", "coordinates": [4.38710709242545,50.858031183408]}, "properties": {"ID": 22,"GroupSecteur": "Radium","Secteur": "Radium 1","Rue": "Rue Vandenbussche","Total Interventions": 18,"Total Taxe": 0,"Total Mediation": 0,"Total Balayage": 8.91666666666667,"Total Déchetterie Mobile": 0}},{ "type": "Feature", "geometry": {"type": "Point", "coordinates": [4.3790460018627,50.8587518094194]}, "properties": {"ID": 23,"GroupSecteur": "Radium","Secteur": "Radium 1","Rue": "Square Emile Duployé","Total Interventions": 10,"Total Taxe": 1,"Total Mediation": 0,"Total Balayage": 14.25,"Total Déchetterie Mobile": 0}},{ "type": "Feature", "geometry": {"type": "Point", "coordinates": [4.39010612478826,50.8593862365169]}, "properties": {"ID": 24,"GroupSecteur": "Radium","Secteur": "Radium 1","Rue": "Square Prévost-Delaunay","Total Interventions": 21,"Total Taxe": 0,"Total Mediation": 0,"Total Balayage": "","Total Déchetterie Mobile": 0}},{ "type": "Feature", "geometry": {"type": "Point", "coordinates": [4.38216020172234,50.8540192400565]}, "properties": {"ID": 25,"GroupSecteur": "Radium","Secteur": "Radium 2","Rue": "Avenue Clays","Total Interventions": 63,"Total Taxe": 1,"Total Mediation": 0,"Total Balayage": 15.6666666666667,"Total Déchetterie Mobile": 0}},{ "type": "Feature", "geometry": {"type": "Point", "coordinates": [4.38086821867616,50.8584808760061]}, "properties": {"ID": 26,"GroupSecteur": "Radium","Secteur": "Radium 2","Rue": "Avenue Dailly","Total Interventions": 438,"Total Taxe": 13,"Total Mediation": 0,"Total Balayage": 17.25,"Total Déchetterie Mobile": 0}},{ "type": "Feature", "geometry": {"type": "Point", "coordinates": [4.38997051739778,50.8591304835977]}, "properties": {"ID": 27,"GroupSecteur": "Radium","Secteur": "Radium 2","Rue": "Avenue Jan Stobbaerts","Total Interventions": 61,"Total Taxe": 0,"Total Mediation": 0,"Total Balayage": 11.8333333333333,"Total Déchetterie Mobile": 0}},{ "type": "Feature", "geometry": {"type": "Point", "coordinates": [4.38606799148625,50.8560005660801]}, "properties": {"ID": 28,"GroupSecteur": "Radium","Secteur": "Radium 2","Rue": "Grande rue au Bois","Total Interventions": 195,"Total Taxe": 5,"Total Mediation": 0,"Total Balayage": 16.75,"Total Déchetterie Mobile": 0}},{ "type": "Feature", "geometry": {"type": "Point", "coordinates": [4.38384997611607,50.8557183244239]}, "properties": {"ID": 29,"GroupSecteur": "Radium","Secteur": "Radium 2","Rue": "Place Colonel Bremer","Total Interventions": 10,"Total Taxe": 0,"Total Mediation": 0,"Total Balayage": 16,"Total Déchetterie Mobile": 0}},{ "type": "Feature", "geometry": {"type": "Point", "coordinates": [4.3872669825379,50.8523725190128]}, "properties": {"ID": 30,"GroupSecteur": "Radium","Secteur": "Radium 2","Rue": "Place Dailly","Total Interventions": 15,"Total Taxe": 2,"Total Mediation": 0,"Total Balayage": "","Total Déchetterie Mobile": 0}},{ "type": "Feature", "geometry": {"type": "Point", "coordinates": [4.38107092359281,50.8553781103898]}, "properties": {"ID": 31,"GroupSecteur": "Radium","Secteur": "Radium 2","Rue": "Rue Albert de Latour","Total Interventions": 24,"Total Taxe": 2,"Total Mediation": 0,"Total Balayage": 11.75,"Total Déchetterie Mobile": 0}},{ "type": "Feature", "geometry": {"type": "Point", "coordinates": [4.38601191102755,50.8570223476268]}, "properties": {"ID": 32,"GroupSecteur": "Radium","Secteur": "Radium 2","Rue": "Rue Alexandre Markelbach","Total Interventions": 96,"Total Taxe": 1,"Total Mediation": 0,"Total Balayage": 15.5,"Total Déchetterie Mobile": 0}},{ "type": "Feature", "geometry": {"type": "Point", "coordinates": [4.37996775392521,50.8534598205855]}, "properties": {"ID": 33,"GroupSecteur": "Radium","Secteur": "Radium 2","Rue": "Rue André Van Hasselt","Total Interventions": 27,"Total Taxe": 0,"Total Mediation": 0,"Total Balayage": 14.8333333333333,"Total Déchetterie Mobile": 0}},{ "type": "Feature", "geometry": {"type": "Point", "coordinates": [4.38400075310314,50.8567644435928]}, "properties": {"ID": 34,"GroupSecteur": "Radium","Secteur": "Radium 2","Rue": "Rue Artan","Total Interventions": 234,"Total Taxe": 0,"Total Mediation": 0,"Total Balayage": 15.6666666666667,"Total Déchetterie Mobile": 0}},{ "type": "Feature", "geometry": {"type": "Point", "coordinates": [4.38898551911656,50.8558368803982]}, "properties": {"ID": 35,"GroupSecteur": "Radium","Secteur": "Radium 2","Rue": "Rue Auguste Lambiotte","Total Interventions": 251,"Total Taxe": 1,"Total Mediation": 0,"Total Balayage": 15,"Total Déchetterie Mobile": 0}},{ "type": "Feature", "geometry": {"type": "Point", "coordinates": [4.38267185496316,50.8521480525401]}, "properties": {"ID": 36,"GroupSecteur": "Radium","Secteur": "Radium 2","Rue": "Rue de la Cible","Total Interventions": 17,"Total Taxe": 0,"Total Mediation": 0,"Total Balayage": 13.3333333333333,"Total Déchetterie Mobile": 0}},{ "type": "Feature", "geometry": {"type": "Point", "coordinates": [4.3761059160043,50.856819559111]}, "properties": {"ID": 37,"GroupSecteur": "Radium","Secteur": "Radium 2","Rue": "Rue de la Consolation","Total Interventions": 235,"Total Taxe": 1,"Total Mediation": 0,"Total Balayage": 15.0833333333333,"Total Déchetterie Mobile": 0}},{ "type": "Feature", "geometry": {"type": "Point", "coordinates": [4.39238833841522,50.8548893694372]}, "properties": {"ID": 38,"GroupSecteur": "Radium","Secteur": "Radium 2","Rue": "Rue de la Luzerne","Total Interventions": 70,"Total Taxe": 0,"Total Mediation": 0,"Total Balayage": 12.4166666666667,"Total Déchetterie Mobile": 0}},{ "type": "Feature", "geometry": {"type": "Point", "coordinates": [4.3949857790523,50.8563304708702]}, "properties": {"ID": 39,"GroupSecteur": "Radium","Secteur": "Radium 2","Rue": "Rue des Pavots","Total Interventions": 28,"Total Taxe": 1,"Total Mediation": 0,"Total Balayage": 12,"Total Déchetterie Mobile": 0}},{ "type": "Feature", "geometry": {"type": "Point", "coordinates": [4.37552630089384,50.8552187926594]}, "properties": {"ID": 40,"GroupSecteur": "Radium","Secteur": "Radium 2","Rue": "Rue du Soleil","Total Interventions": 1,"Total Taxe": 0,"Total Mediation": 0,"Total Balayage": 14.1666666666667,"Total Déchetterie Mobile": 0}},{ "type": "Feature", "geometry": {"type": "Point", "coordinates": [4.39128193059511,50.8553321068916]}, "properties": {"ID": 41,"GroupSecteur": "Radium","Secteur": "Radium 2","Rue": "Rue Emile Wittmann","Total Interventions": 40,"Total Taxe": 1,"Total Mediation": 0,"Total Balayage": 12.8333333333333,"Total Déchetterie Mobile": 0}},{ "type": "Feature", "geometry": {"type": "Point", "coordinates": [4.38081691223436,50.8573957961732]}, "properties": {"ID": 42,"GroupSecteur": "Radium","Secteur": "Radium 2","Rue": "Rue Eugène Smits","Total Interventions": 29,"Total Taxe": 1,"Total Mediation": 0,"Total Balayage": 16.8333333333333,"Total Déchetterie Mobile": 0}},{ "type": "Feature", "geometry": {"type": "Point", "coordinates": [4.3876412375757,50.8557269641633]}, "properties": {"ID": 43,"GroupSecteur": "Radium","Secteur": "Radium 2","Rue": "Rue François Bossaerts","Total Interventions": 189,"Total Taxe": 0,"Total Mediation": 0,"Total Balayage": 15.8333333333333,"Total Déchetterie Mobile": 0}},{ "type": "Feature", "geometry": {"type": "Point", "coordinates": [4.38044804622804,50.8531554255888]}, "properties": {"ID": 44,"GroupSecteur": "Radium","Secteur": "Radium 2","Rue": "Rue Gustave Fuss","Total Interventions": 38,"Total Taxe": 0,"Total Mediation": 0,"Total Balayage": 15,"Total Déchetterie Mobile": 0}},{ "type": "Feature", "geometry": {"type": "Point", "coordinates": [4.38857929573696,50.8535308159849]}, "properties": {"ID": 45,"GroupSecteur": "Radium","Secteur": "Radium 2","Rue": "Rue Jacques Jansen","Total Interventions": 111,"Total Taxe": 0,"Total Mediation": 0,"Total Balayage": 15.8333333333333,"Total Déchetterie Mobile": 0}},{ "type": "Feature", "geometry": {"type": "Point", "coordinates": [4.38686677313339,50.8541069602091]}, "properties": {"ID": 46,"GroupSecteur": "Radium","Secteur": "Radium 2","Rue": "Rue Joseph Coosemans","Total Interventions": 113,"Total Taxe": 3,"Total Mediation": 0,"Total Balayage": 15.8333333333333,"Total Déchetterie Mobile": 0}},{ "type": "Feature", "geometry": {"type": "Point", "coordinates": [4.38503482465302,50.8528641606768]}, "properties": {"ID": 47,"GroupSecteur": "Radium","Secteur": "Radium 2","Rue": "Rue Léon Mignon","Total Interventions": 200,"Total Taxe": 0,"Total Mediation": 0,"Total Balayage": 15.6666666666667,"Total Déchetterie Mobile": 0}},{ "type": "Feature", "geometry": {"type": "Point", "coordinates": [4.38050394859815,50.8576928716659]}, "properties": {"ID": 48,"GroupSecteur": "Radium","Secteur": "Radium 2","Rue": "Rue Monrose","Total Interventions": 118,"Total Taxe": 0,"Total Mediation": 0,"Total Balayage": 13.3333333333333,"Total Déchetterie Mobile": 1}},{ "type": "Feature", "geometry": {"type": "Point", "coordinates": [4.37670681658821,50.8573237612803]}, "properties": {"ID": 49,"GroupSecteur": "Radium","Secteur": "Radium 2","Rue": "Rue Roelandts","Total Interventions": 117,"Total Taxe": 0,"Total Mediation": 0,"Total Balayage": 13.5,"Total Déchetterie Mobile": 1}},{ "type": "Feature", "geometry": {"type": "Point", "coordinates": [4.38140238910595,50.8531326781231]}, "properties": {"ID": 50,"GroupSecteur": "Radium","Secteur": "Radium 2","Rue": "Rue Thomas Vinçotte","Total Interventions": 246,"Total Taxe": 4,"Total Mediation": 0,"Total Balayage": 15,"Total Déchetterie Mobile": 0}},{ "type": "Feature", "geometry": {"type": "Point", "coordinates": [4.38093821427374,50.8564212144389]}, "properties": {"ID": 51,"GroupSecteur": "Radium","Secteur": "Radium 2","Rue": "Rue Van Hammée","Total Interventions": 108,"Total Taxe": 0,"Total Mediation": 0,"Total Balayage": 17,"Total Déchetterie Mobile": 0}},{ "type": "Feature", "geometry": {"type": "Point", "coordinates": [4.37700860698424,50.8568490099482]}, "properties": {"ID": 52,"GroupSecteur": "Radium","Secteur": "Radium 2","Rue": "Rue Van Hove","Total Interventions": 83,"Total Taxe": 0,"Total Mediation": 0,"Total Balayage": 13.1666666666667,"Total Déchetterie Mobile": 0}},{ "type": "Feature", "geometry": {"type": "Point", "coordinates": [4.3815800988892,50.8526466782312]}, "properties": {"ID": 53,"GroupSecteur": "Radium","Secteur": "Radium 2","Rue": "Rue Verbist","Total Interventions": 6,"Total Taxe": 0,"Total Mediation": 0,"Total Balayage": 13.3333333333333,"Total Déchetterie Mobile": 0}},{ "type": "Feature", "geometry": {"type": "Point", "coordinates": [4.37611798816726,50.855856536911]}, "properties": {"ID": 54,"GroupSecteur": "Radium","Secteur": "Radium 2","Rue": "Rue Verboeckhaven","Total Interventions": 100,"Total Taxe": 0,"Total Mediation": 0,"Total Balayage": 14.8333333333333,"Total Déchetterie Mobile": 0}},{ "type": "Feature", "geometry": {"type": "Point", "coordinates": [4.37697610607228,50.8553582872076]}, "properties": {"ID": 55,"GroupSecteur": "Radium","Secteur": "Radium 2","Rue": "Rue Vonck","Total Interventions": 45,"Total Taxe": 0,"Total Mediation": 0,"Total Balayage": 14.6666666666667,"Total Déchetterie Mobile": 0}},{ "type": "Feature", "geometry": {"type": "Point", "coordinates": [4.40069253612116,50.8500457366983]}, "properties": {"ID": 56,"GroupSecteur": "Radium","Secteur": "Radium 3","Rue": "Avenue Adolphe Lacomblé","Total Interventions": 90,"Total Taxe": 0,"Total Mediation": 0,"Total Balayage": 10.1666666666667,"Total Déchetterie Mobile": 0}},{ "type": "Feature", "geometry": {"type": "Point", "coordinates": [4.38774842100828,50.8513626910066]}, "properties": {"ID": 57,"GroupSecteur": "Radium","Secteur": "Radium 3","Rue": "Avenue Charbo","Total Interventions": 112,"Total Taxe": 0,"Total Mediation": 0,"Total Balayage": 15.6666666666667,"Total Déchetterie Mobile": 0}},{ "type": "Feature", "geometry": {"type": "Point", "coordinates": [4.38739481266081,50.8517761089637]}, "properties": {"ID": 58,"GroupSecteur": "Radium","Secteur": "Radium 3","Rue": "Avenue de la Brabançonne","Total Interventions": 53,"Total Taxe": 0,"Total Mediation": 0,"Total Balayage": 15.5,"Total Déchetterie Mobile": 0}},{ "type": "Feature", "geometry": {"type": "Point", "coordinates": [4.40032033742276,50.8596638138905]}, "properties": {"ID": 59,"GroupSecteur": "Radium","Secteur": "Radium 3","Rue": "Avenue de la Jeunesse","Total Interventions": 0,"Total Taxe": 0,"Total Mediation": 0,"Total Balayage": 13.1666666666667,"Total Déchetterie Mobile": 0}},{ "type": "Feature", "geometry": {"type": "Point", "coordinates": [4.39515207262266,50.8528198262868]}, "properties": {"ID": 60,"GroupSecteur": "Radium","Secteur": "Radium 3","Rue": "Avenue de la Topaze","Total Interventions": 139,"Total Taxe": 0,"Total Mediation": 0,"Total Balayage": 14.1666666666667,"Total Déchetterie Mobile": 0}},{ "type": "Feature", "geometry": {"type": "Point", "coordinates": [4.39726379108434,50.8527258719547]}, "properties": {"ID": 61,"GroupSecteur": "Radium","Secteur": "Radium 3","Rue": "Avenue de l'Emeraude","Total Interventions": 47,"Total Taxe": 0,"Total Mediation": 0,"Total Balayage": 14.3333333333333,"Total Déchetterie Mobile": 0}},{ "type": "Feature", "geometry": {"type": "Point", "coordinates": [4.39992493381792,50.850591883291]}, "properties": {"ID": 62,"GroupSecteur": "Radium","Secteur": "Radium 3","Rue": "Avenue de l'Opale","Total Interventions": 83,"Total Taxe": 0,"Total Mediation": 0,"Total Balayage": 9.66666666666667,"Total Déchetterie Mobile": 0}},{ "type": "Feature", "geometry": {"type": "Point", "coordinates": [4.40944606469003,50.8513433373662]}, "properties": {"ID": 63,"GroupSecteur": "Radium","Secteur": "Radium 3","Rue": "Avenue de Mars","Total Interventions": 5,"Total Taxe": 0,"Total Mediation": 0,"Total Balayage": 11.3333333333333,"Total Déchetterie Mobile": 0}},{ "type": "Feature", "geometry": {"type": "Point", "coordinates": [4.40288656263886,50.8490303932776]}, "properties": {"ID": 64,"GroupSecteur": "Radium","Secteur": "Radium 3","Rue": "Avenue de Roodebeek","Total Interventions": 0,"Total Taxe": 0,"Total Mediation": 0,"Total Balayage": "","Total Déchetterie Mobile": 0}},{ "type": "Feature", "geometry": {"type": "Point", "coordinates": [4.40739600823656,50.8480150138212]}, "properties": {"ID": 65,"GroupSecteur": "Radium","Secteur": "Radium 3","Rue": "Avenue des Cerisiers","Total Interventions": 20,"Total Taxe": 1,"Total Mediation": 0,"Total Balayage": 11.3333333333333,"Total Déchetterie Mobile": 0}},{ "type": "Feature", "geometry": {"type": "Point", "coordinates": [4.40097520809942,50.861034610166]}, "properties": {"ID": 66,"GroupSecteur": "Radium","Secteur": "Radium 3","Rue": "Avenue des Clos","Total Interventions": 2,"Total Taxe": 0,"Total Mediation": 0,"Total Balayage": 13.1666666666667,"Total Déchetterie Mobile": 0}},{ "type": "Feature", "geometry": {"type": "Point", "coordinates": [4.39928095676651,50.8603059551426]}, "properties": {"ID": 67,"GroupSecteur": "Radium","Secteur": "Radium 3","Rue": "Avenue des Jardins","Total Interventions": 19,"Total Taxe": 0,"Total Mediation": 0,"Total Balayage": 13.1666666666667,"Total Déchetterie Mobile": 0}},{ "type": "Feature", "geometry": {"type": "Point", "coordinates": [4.39183687525441,50.8529184477455]}, "properties": {"ID": 68,"GroupSecteur": "Radium","Secteur": "Radium 3","Rue": "Avenue du Diamant","Total Interventions": 8,"Total Taxe": 0,"Total Mediation": 0,"Total Balayage": "","Total Déchetterie Mobile": 0}},{ "type": "Feature", "geometry": {"type": "Point", "coordinates": [4.3952597221616,50.8506092684522]}, "properties": {"ID": 69,"GroupSecteur": "Radium","Secteur": "Radium 3","Rue": "Avenue Emile Max","Total Interventions": 114,"Total Taxe": 1,"Total Mediation": 0,"Total Balayage": 9.08333333333333,"Total Déchetterie Mobile": 0}},{ "type": "Feature", "geometry": {"type": "Point", "coordinates": [4.3982451431167,50.8546450204867]}, "properties": {"ID": 70,"GroupSecteur": "Radium","Secteur": "Radium 3","Rue": "Avenue Eugène Plasky","Total Interventions": 3,"Total Taxe": 0,"Total Mediation": 0,"Total Balayage": "","Total Déchetterie Mobile": 2}},{ "type": "Feature", "geometry": {"type": "Point", "coordinates": [4.38932682383727,50.8523675230654]}, "properties": {"ID": 71,"GroupSecteur": "Radium","Secteur": "Radium 3","Rue": "Avenue Félix Marchal","Total Interventions": 135,"Total Taxe": 1,"Total Mediation": 0,"Total Balayage": 8,"Total Déchetterie Mobile": 0}},{ "type": "Feature", "geometry": {"type": "Point", "coordinates": [4.4012098945304,50.8561909057009]}, "properties": {"ID": 72,"GroupSecteur": "Radium","Secteur": "Radium 3","Rue": "Avenue Fortin","Total Interventions": 26,"Total Taxe": 0,"Total Mediation": 0,"Total Balayage": 13.6666666666667,"Total Déchetterie Mobile": 0}},{ "type": "Feature", "geometry": {"type": "Point", "coordinates": [4.40204880979974,50.8593867878333]}, "properties": {"ID": 73,"GroupSecteur": "Radium","Secteur": "Radium 3","Rue": "Avenue Frans Courtens","Total Interventions": 11,"Total Taxe": 0,"Total Mediation": 0,"Total Balayage": 13.4166666666667,"Total Déchetterie Mobile": 0}},{ "type": "Feature", "geometry": {"type": "Point", "coordinates": [4.40978712604144,50.8486051093555]}, "properties": {"ID": 74,"GroupSecteur": "Radium","Secteur": "Radium 3","Rue": "Avenue Herbert Hoover","Total Interventions": 9,"Total Taxe": 0,"Total Mediation": 0,"Total Balayage": 11.3333333333333,"Total Déchetterie Mobile": 0}},{ "type": "Feature", "geometry": {"type": "Point", "coordinates": [4.41123363571801,50.8546439650852]}, "properties": {"ID": 75,"GroupSecteur": "Radium","Secteur": "Radium 3","Rue": "Avenue Jacques Georgin","Total Interventions": 7,"Total Taxe": 3,"Total Mediation": 0,"Total Balayage": 11,"Total Déchetterie Mobile": 0}},{ "type": "Feature", "geometry": {"type": "Point", "coordinates": [4.39247001641692,50.8511005185767]}, "properties": {"ID": 76,"GroupSecteur": "Radium","Secteur": "Radium 3","Rue": "Avenue Léon Mahillon","Total Interventions": 102,"Total Taxe": 1,"Total Mediation": 0,"Total Balayage": 15.6666666666667,"Total Déchetterie Mobile": 0}},{ "type": "Feature", "geometry": {"type": "Point", "coordinates": [4.39559025432145,50.8532624965446]}, "properties": {"ID": 77,"GroupSecteur": "Radium","Secteur": "Radium 3","Rue": "Avenue Milcamps","Total Interventions": 143,"Total Taxe": 0,"Total Mediation": 0,"Total Balayage": 8.83333333333333,"Total Déchetterie Mobile": 0}},{ "type": "Feature", "geometry": {"type": "Point", "coordinates": [4.39875007269579,50.8548163677136]}, "properties": {"ID": 78,"GroupSecteur": "Radium","Secteur": "Radium 3","Rue": "Boulevard Auguste Reyers","Total Interventions": 11,"Total Taxe": 0,"Total Mediation": 0,"Total Balayage": "","Total Déchetterie Mobile": 0}},{ "type": "Feature", "geometry": {"type": "Point", "coordinates": [4.39962147023622,50.8585681451225]}, "properties": {"ID": 79,"GroupSecteur": "Radium","Secteur": "Radium 3","Rue": "Boulevard Léopold III","Total Interventions": 8,"Total Taxe": 0,"Total Mediation": 0,"Total Balayage": "","Total Déchetterie Mobile": 0}},{ "type": "Feature", "geometry": {"type": "Point", "coordinates": [4.40045478550957,50.8480427131422]}, "properties": {"ID": 80,"GroupSecteur": "Radium","Secteur": "Radium 3","Rue": "Cité Ouvrière de Linthout","Total Interventions": 0,"Total Taxe": 0,"Total Mediation": 0,"Total Balayage": "","Total Déchetterie Mobile": 0}},{ "type": "Feature", "geometry": {"type": "Point", "coordinates": [4.39919151595077,50.8590465633994]}, "properties": {"ID": 81,"GroupSecteur": "Radium","Secteur": "Radium 3","Rue": "Clos des Artistes","Total Interventions": 0,"Total Taxe": 0,"Total Mediation": 0,"Total Balayage": 13.1666666666667,"Total Déchetterie Mobile": 0}},{ "type": "Feature", "geometry": {"type": "Point", "coordinates": [4.39934481402819,50.8598478519576]}, "properties": {"ID": 82,"GroupSecteur": "Radium","Secteur": "Radium 3","Rue": "Clos des Fleurs","Total Interventions": 0,"Total Taxe": 0,"Total Mediation": 0,"Total Balayage": 13.1666666666667,"Total Déchetterie Mobile": 0}},{ "type": "Feature", "geometry": {"type": "Point", "coordinates": [4.40026035167277,50.8606836042111]}, "properties": {"ID": 83,"GroupSecteur": "Radium","Secteur": "Radium 3","Rue": "Clos des Mouettes","Total Interventions": 1,"Total Taxe": 0,"Total Mediation": 0,"Total Balayage": 13.1666666666667,"Total Déchetterie Mobile": 0}},{ "type": "Feature", "geometry": {"type": "Point", "coordinates": [4.40046402648297,50.8601048028472]}, "properties": {"ID": 84,"GroupSecteur": "Radium","Secteur": "Radium 3","Rue": "Clos des Poètes","Total Interventions": 0,"Total Taxe": 0,"Total Mediation": 0,"Total Balayage": 13.1666666666667,"Total Déchetterie Mobile": 0}},{ "type": "Feature", "geometry": {"type": "Point", "coordinates": [4.39378259355976,50.8474241958204]}, "properties": {"ID": 85,"GroupSecteur": "Radium","Secteur": "Radium 3","Rue": "Place de Jamblinne de Meux","Total Interventions": 1,"Total Taxe": 0,"Total Mediation": 0,"Total Balayage": "","Total Déchetterie Mobile": 0}},{ "type": "Feature", "geometry": {"type": "Point", "coordinates": [4.40019623212424,50.8537996712506]}, "properties": {"ID": 86,"GroupSecteur": "Radium","Secteur": "Radium 3","Rue": "Place des Carabiniers","Total Interventions": 14,"Total Taxe": 0,"Total Mediation": 0,"Total Balayage": 11,"Total Déchetterie Mobile": 0}},{ "type": "Feature", "geometry": {"type": "Point", "coordinates": [4.3905131946676,50.8491675288315]}, "properties": {"ID": 87,"GroupSecteur": "Radium","Secteur": "Radium 3","Rue": "Place des Chasseurs Ardennais","Total Interventions": 50,"Total Taxe": 0,"Total Mediation": 0,"Total Balayage": 13.3333333333333,"Total Déchetterie Mobile": 0}},{ "type": "Feature", "geometry": {"type": "Point", "coordinates": [4.39796090855897,50.855012188776]}, "properties": {"ID": 88,"GroupSecteur": "Radium","Secteur": "Radium 3","Rue": "Place Général Meiser","Total Interventions": 1,"Total Taxe": 0,"Total Mediation": 0,"Total Balayage": "","Total Déchetterie Mobile": 0}},{ "type": "Feature", "geometry": {"type": "Point", "coordinates": [4.3951479524159,50.8449582828363]}, "properties": {"ID": 89,"GroupSecteur": "Radium","Secteur": "Radium 3","Rue": "Place Wappers","Total Interventions": 2,"Total Taxe": 0,"Total Mediation": 0,"Total Balayage": 9.83333333333333,"Total Déchetterie Mobile": 0}},{ "type": "Feature", "geometry": {"type": "Point", "coordinates": [4.40939452833874,50.8495659858473]}, "properties": {"ID": 90,"GroupSecteur": "Radium","Secteur": "Radium 3","Rue": "Rue Aimé Smekens","Total Interventions": 8,"Total Taxe": 0,"Total Mediation": 0,"Total Balayage": 11.1666666666667,"Total Déchetterie Mobile": 0}},{ "type": "Feature", "geometry": {"type": "Point", "coordinates": [4.40083088452064,50.8578935788029]}, "properties": {"ID": 91,"GroupSecteur": "Radium","Secteur": "Radium 3","Rue": "Rue Camille Wollès","Total Interventions": 12,"Total Taxe": 0,"Total Mediation": 0,"Total Balayage": 13.5,"Total Déchetterie Mobile": 0}},{ "type": "Feature", "geometry": {"type": "Point", "coordinates": [4.40274062756112,50.8505466686489]}, "properties": {"ID": 92,"GroupSecteur": "Radium","Secteur": "Radium 3","Rue": "Rue Colonel Bourg","Total Interventions": 5,"Total Taxe": 0,"Total Mediation": 0,"Total Balayage": "","Total Déchetterie Mobile": 0}},{ "type": "Feature", "geometry": {"type": "Point", "coordinates": [4.40607044206508,50.8588857725536]}, "properties": {"ID": 93,"GroupSecteur": "Radium","Secteur": "Radium 3","Rue": "Rue de Genève","Total Interventions": 3,"Total Taxe": 1,"Total Mediation": 0,"Total Balayage": 13.1666666666667,"Total Déchetterie Mobile": 0}},{ "type": "Feature", "geometry": {"type": "Point", "coordinates": [4.39678762010211,50.8465881152165]}, "properties": {"ID": 94,"GroupSecteur": "Radium","Secteur": "Radium 3","Rue": "Rue de Linthout","Total Interventions": 44,"Total Taxe": 0,"Total Mediation": 0,"Total Balayage": 10.1666666666667,"Total Déchetterie Mobile": 0}},{ "type": "Feature", "geometry": {"type": "Point", "coordinates": [4.39743045392693,50.8443003364392]}, "properties": {"ID": 95,"GroupSecteur": "Radium","Secteur": "Radium 3","Rue": "Rue de l'Orme","Total Interventions": 1,"Total Taxe": 0,"Total Mediation": 0,"Total Balayage": 8.66666666666667,"Total Déchetterie Mobile": 0}},{ "type": "Feature", "geometry": {"type": "Point", "coordinates": [4.40058547851375,50.8559351123324]}, "properties": {"ID": 96,"GroupSecteur": "Radium","Secteur": "Radium 3","Rue": "Rue des Compagnons","Total Interventions": 8,"Total Taxe": 0,"Total Mediation": 0,"Total Balayage": 13.6666666666667,"Total Déchetterie Mobile": 0}},{ "type": "Feature", "geometry": {"type": "Point", "coordinates": [4.38761357373305,50.850279575912]}, "properties": {"ID": 97,"GroupSecteur": "Radium","Secteur": "Radium 3","Rue": "Rue du Noyer","Total Interventions": 1,"Total Taxe": 0,"Total Mediation": 0,"Total Balayage": "","Total Déchetterie Mobile": 0}},{ "type": "Feature", "geometry": {"type": "Point", "coordinates": [4.39038866022253,50.8522630217653]}, "properties": {"ID": 98,"GroupSecteur": "Radium","Secteur": "Radium 3","Rue": "Rue du Radium","Total Interventions": 58,"Total Taxe": 0,"Total Mediation": 0,"Total Balayage": 14.3333333333333,"Total Déchetterie Mobile": 0}},{ "type": "Feature", "geometry": {"type": "Point", "coordinates": [4.39865677519952,50.8534349929018]}, "properties": {"ID": 99,"GroupSecteur": "Radium","Secteur": "Radium 3","Rue": "Rue du Saphir","Total Interventions": 39,"Total Taxe": 0,"Total Mediation": 0,"Total Balayage": 13.0833333333333,"Total Déchetterie Mobile": 0}},{ "type": "Feature", "geometry": {"type": "Point", "coordinates": [4.4008933544047,50.845565191277]}, "properties": {"ID": 100,"GroupSecteur": "Radium","Secteur": "Radium 3","Rue": "Rue Frédéric Pelletier","Total Interventions": 16,"Total Taxe": 0,"Total Mediation": 0,"Total Balayage": 7.41666666666667,"Total Déchetterie Mobile": 0}},{ "type": "Feature", "geometry": {"type": "Point", "coordinates": [4.40117878644951,50.846829732644]}, "properties": {"ID": 101,"GroupSecteur": "Radium","Secteur": "Radium 3","Rue": "Rue Général Gratry","Total Interventions": 86,"Total Taxe": 0,"Total Mediation": 0,"Total Balayage": 10.1666666666667,"Total Déchetterie Mobile": 0}},{ "type": "Feature", "geometry": {"type": "Point", "coordinates": [4.40261930586526,50.8564145172691]}, "properties": {"ID": 102,"GroupSecteur": "Radium","Secteur": "Radium 3","Rue": "Rue Henri Chomé","Total Interventions": 59,"Total Taxe": 0,"Total Mediation": 0,"Total Balayage": 13.6666666666667,"Total Déchetterie Mobile": 0}},{ "type": "Feature", "geometry": {"type": "Point", "coordinates": [4.40842625158736,50.8565480167538]}, "properties": {"ID": 103,"GroupSecteur": "Radium","Secteur": "Radium 3","Rue": "Rue Henri Evenepoel","Total Interventions": 18,"Total Taxe": 0,"Total Mediation": 0,"Total Balayage": 11,"Total Déchetterie Mobile": 0}},{ "type": "Feature", "geometry": {"type": "Point", "coordinates": [4.40346522411332,50.8595055807381]}, "properties": {"ID": 104,"GroupSecteur": "Radium","Secteur": "Radium 3","Rue": "Rue Jul Merckaert","Total Interventions": 2,"Total Taxe": 0,"Total Mediation": 0,"Total Balayage": 13.3333333333333,"Total Déchetterie Mobile": 0}},{ "type": "Feature", "geometry": {"type": "Point", "coordinates": [4.40384159868796,50.8556638652315]}, "properties": {"ID": 105,"GroupSecteur": "Radium","Secteur": "Radium 3","Rue": "Rue Jules Lebrun","Total Interventions": 11,"Total Taxe": 0,"Total Mediation": 0,"Total Balayage": 10.8333333333333,"Total Déchetterie Mobile": 0}},{ "type": "Feature", "geometry": {"type": "Point", "coordinates": [4.40486656994922,50.848958081311]}, "properties": {"ID": 106,"GroupSecteur": "Radium","Secteur": "Radium 3","Rue": "Rue Knapen","Total Interventions": 2,"Total Taxe": 0,"Total Mediation": 0,"Total Balayage": 11.3333333333333,"Total Déchetterie Mobile": 0}},{ "type": "Feature", "geometry": {"type": "Point", "coordinates": [4.39734596874854,50.849952945781]}, "properties": {"ID": 107,"GroupSecteur": "Radium","Secteur": "Radium 3","Rue": "Rue Léon Frédéric","Total Interventions": 11,"Total Taxe": 0,"Total Mediation": 0,"Total Balayage": 9.83333333333333,"Total Déchetterie Mobile": 0}},{ "type": "Feature", "geometry": {"type": "Point", "coordinates": [4.38900788957599,50.8513910878644]}, "properties": {"ID": 108,"GroupSecteur": "Radium","Secteur": "Radium 3","Rue": "Rue Louis Scutenaire","Total Interventions": 57,"Total Taxe": 0,"Total Mediation": 0,"Total Balayage": 16.1666666666667,"Total Déchetterie Mobile": 0}},{ "type": "Feature", "geometry": {"type": "Point", "coordinates": [4.39974181951406,50.8566262682145]}, "properties": {"ID": 109,"GroupSecteur": "Radium","Secteur": "Radium 3","Rue": "Rue Louis Socquet","Total Interventions": 7,"Total Taxe": 0,"Total Mediation": 0,"Total Balayage": 13.6666666666667,"Total Déchetterie Mobile": 0}},{ "type": "Feature", "geometry": {"type": "Point", "coordinates": [4.38950499266092,50.8510946525818]}, "properties": {"ID": 110,"GroupSecteur": "Radium","Secteur": "Radium 3","Rue": "Rue Marcel Mariën","Total Interventions": 14,"Total Taxe": 0,"Total Mediation": 0,"Total Balayage": 16.1666666666667,"Total Déchetterie Mobile": 0}},{ "type": "Feature", "geometry": {"type": "Point", "coordinates": [4.39838040146816,50.8570374806711]}, "properties": {"ID": 111,"GroupSecteur": "Radium","Secteur": "Radium 3","Rue": "Rue Paul Hymans","Total Interventions": 21,"Total Taxe": 0,"Total Mediation": 0,"Total Balayage": 13.6666666666667,"Total Déchetterie Mobile": 0}},{ "type": "Feature", "geometry": {"type": "Point", "coordinates": [4.40434591366848,50.8594303469051]}, "properties": {"ID": 112,"GroupSecteur": "Radium","Secteur": "Radium 3","Rue": "Rue Paul Leduc","Total Interventions": 6,"Total Taxe": 0,"Total Mediation": 0,"Total Balayage": 13.3333333333333,"Total Déchetterie Mobile": 0}},{ "type": "Feature", "geometry": {"type": "Point", "coordinates": [4.3911726538246,50.8487946463251]}, "properties": {"ID": 113,"GroupSecteur": "Radium","Secteur": "Radium 3","Rue": "Rue Rasson","Total Interventions": 63,"Total Taxe": 0,"Total Mediation": 0,"Total Balayage": 10.5,"Total Déchetterie Mobile": 0}},{ "type": "Feature", "geometry": {"type": "Point", "coordinates": [4.3965209405535,50.845352228242]}, "properties": {"ID": 114,"GroupSecteur": "Radium","Secteur": "Radium 3","Rue": "Rue Théodore Roosevelt","Total Interventions": 30,"Total Taxe": 0,"Total Mediation": 0,"Total Balayage": 9.75,"Total Déchetterie Mobile": 0}},{ "type": "Feature", "geometry": {"type": "Point", "coordinates": [4.40182283800631,50.8445591123327]}, "properties": {"ID": 115,"GroupSecteur": "Radium","Secteur": "Radium 3","Rue": "Rue Vergote","Total Interventions": 5,"Total Taxe": 0,"Total Mediation": 0,"Total Balayage": 7.75,"Total Déchetterie Mobile": 0}},{ "type": "Feature", "geometry": {"type": "Point", "coordinates": [4.39051600105172,50.8526859600886]}, "properties": {"ID": 116,"GroupSecteur": "Radium","Secteur": "Radium 3","Rue": "Rue Victor Hugo","Total Interventions": 181,"Total Taxe": 0,"Total Mediation": 0,"Total Balayage": 16.1666666666667,"Total Déchetterie Mobile": 0}},{ "type": "Feature", "geometry": {"type": "Point", "coordinates": [4.39691734761837,50.8449159731335]}, "properties": {"ID": 117,"GroupSecteur": "Radium","Secteur": "Radium 3","Rue": "Rue Victor Lefèvre","Total Interventions": 20,"Total Taxe": 0,"Total Mediation": 0,"Total Balayage": 9.83333333333333,"Total Déchetterie Mobile": 0}},{ "type": "Feature", "geometry": {"type": "Point", "coordinates": [4.39225179435464,50.8492684614183]}, "properties": {"ID": 118,"GroupSecteur": "Radium","Secteur": "Radium 3","Rue": "Rue Victor Oudart","Total Interventions": 7,"Total Taxe": 0,"Total Mediation": 0,"Total Balayage": 10.6666666666667,"Total Déchetterie Mobile": 0}},{ "type": "Feature", "geometry": {"type": "Point", "coordinates": [4.40835368552114,50.8486577445832]}, "properties": {"ID": 119,"GroupSecteur": "Radium","Secteur": "Radium 3","Rue": "Rue William Degouve de Nuncques","Total Interventions": 1,"Total Taxe": 0,"Total Mediation": 0,"Total Balayage": 11.3333333333333,"Total Déchetterie Mobile": 0}},{ "type": "Feature", "geometry": {"type": "Point", "coordinates": [4.40847335614579,50.8480212815749]}, "properties": {"ID": 120,"GroupSecteur": "Radium","Secteur": "Radium 3","Rue": "Square Levie","Total Interventions": 0,"Total Taxe": 0,"Total Mediation": 0,"Total Balayage": 11.3333333333333,"Total Déchetterie Mobile": 0}},{ "type": "Feature", "geometry": {"type": "Point", "coordinates": [4.4035100685419,50.8457406007784]}, "properties": {"ID": 121,"GroupSecteur": "Radium","Secteur": "Radium 3","Rue": "Square Vergote","Total Interventions": 0,"Total Taxe": 0,"Total Mediation": 0,"Total Balayage": 19,"Total Déchetterie Mobile": 0}},{ "type": "Feature", "geometry": {"type": "Point", "coordinates": [4.4035100685419,50.8457406007784]}, "properties": {"ID": 122,"GroupSecteur": "Radium","Secteur": "Radium 3","Rue": "Square Vergote","Total Interventions": 0,"Total Taxe": 0,"Total Mediation": 0,"Total Balayage": 19,"Total Déchetterie Mobile": 0}},{ "type": "Feature", "geometry": {"type": "Point", "coordinates": [4.38377680393914,50.8696287807097]}, "properties": {"ID": 123,"GroupSecteur": "Rodenbach","Secteur": "Rodenbach","Rue": "Boulevard Lambermont","Total Interventions": 26,"Total Taxe": 1,"Total Mediation": 0,"Total Balayage": "","Total Déchetterie Mobile": 0}},{ "type": "Feature", "geometry": {"type": "Point", "coordinates": [4.38014885518337,50.874753122805]}, "properties": {"ID": 124,"GroupSecteur": "Rodenbach","Secteur": "Rodenbach 1","Rue": "Avenue Albert Giraud","Total Interventions": 127,"Total Taxe": 5,"Total Mediation": 0,"Total Balayage": 15.3333333333333,"Total Déchetterie Mobile": 0}},{ "type": "Feature", "geometry": {"type": "Point", "coordinates": [4.38280850601635,50.8777573604924]}, "properties": {"ID": 125,"GroupSecteur": "Rodenbach","Secteur": "Rodenbach 1","Rue": "Avenue Colonel Picquart","Total Interventions": 77,"Total Taxe": 7,"Total Mediation": 0,"Total Balayage": 12,"Total Déchetterie Mobile": 0}},{ "type": "Feature", "geometry": {"type": "Point", "coordinates": [4.38066809590331,50.874500465959]}, "properties": {"ID": 126,"GroupSecteur": "Rodenbach","Secteur": "Rodenbach 1","Rue": "Avenue Emile Verhaeren","Total Interventions": 46,"Total Taxe": 2,"Total Mediation": 0,"Total Balayage": 15.5,"Total Déchetterie Mobile": 0}},{ "type": "Feature", "geometry": {"type": "Point", "coordinates": [4.38018866484686,50.8752339509956]}, "properties": {"ID": 127,"GroupSecteur": "Rodenbach","Secteur": "Rodenbach 1","Rue": "Avenue Emile Zola","Total Interventions": 165,"Total Taxe": 8,"Total Mediation": 0,"Total Balayage": 15.5,"Total Déchetterie Mobile": 0}},{ "type": "Feature", "geometry": {"type": "Point", "coordinates": [4.38705959303545,50.8759980436275]}, "properties": {"ID": 128,"GroupSecteur": "Rodenbach","Secteur": "Rodenbach 1","Rue": "Avenue Georges Eekhoud","Total Interventions": 22,"Total Taxe": 0,"Total Mediation": 0,"Total Balayage": 12.8333333333333,"Total Déchetterie Mobile": 0}},{ "type": "Feature", "geometry": {"type": "Point", "coordinates": [4.38200678922777,50.8786812355709]}, "properties": {"ID": 129,"GroupSecteur": "Rodenbach","Secteur": "Rodenbach 1","Rue": "Avenue Georges Rodenbach","Total Interventions": 42,"Total Taxe": 6,"Total Mediation": 0,"Total Balayage": 14.1666666666667,"Total Déchetterie Mobile": 0}},{ "type": "Feature", "geometry": {"type": "Point", "coordinates": [4.38494452540949,50.8751450737754]}, "properties": {"ID": 130,"GroupSecteur": "Rodenbach","Secteur": "Rodenbach 1","Rue": "Avenue Huart Hamoir","Total Interventions": 149,"Total Taxe": 7,"Total Mediation": 0,"Total Balayage": 20,"Total Déchetterie Mobile": 0}},{ "type": "Feature", "geometry": {"type": "Point", "coordinates": [4.38400683318075,50.8769743809915]}, "properties": {"ID": 131,"GroupSecteur": "Rodenbach","Secteur": "Rodenbach 1","Rue": "Avenue Jean Jaurès","Total Interventions": 26,"Total Taxe": 0,"Total Mediation": 0,"Total Balayage": 12.1666666666667,"Total Déchetterie Mobile": 0}},{ "type": "Feature", "geometry": {"type": "Point", "coordinates": [4.38479511483774,50.8763175789576]}, "properties": {"ID": 132,"GroupSecteur": "Rodenbach","Secteur": "Rodenbach 1","Rue": "Avenue Maurice Maeterlinck","Total Interventions": 39,"Total Taxe": 2,"Total Mediation": 0,"Total Balayage": 12.3333333333333,"Total Déchetterie Mobile": 0}},{ "type": "Feature", "geometry": {"type": "Point", "coordinates": [4.37531845564863,50.8756879221689]}, "properties": {"ID": 133,"GroupSecteur": "Rodenbach","Secteur": "Rodenbach 1","Rue": "Avenue Monplaisir","Total Interventions": 104,"Total Taxe": 2,"Total Mediation": 0,"Total Balayage": 16.8333333333333,"Total Déchetterie Mobile": 0}},{ "type": "Feature", "geometry": {"type": "Point", "coordinates": [4.38225659027956,50.8748933202204]}, "properties": {"ID": 134,"GroupSecteur": "Rodenbach","Secteur": "Rodenbach 1","Rue": "Avenue Sleeckx","Total Interventions": 56,"Total Taxe": 1,"Total Mediation": 0,"Total Balayage": 15,"Total Déchetterie Mobile": 0}},{ "type": "Feature", "geometry": {"type": "Point", "coordinates": [4.38708110700632,50.8780663202588]}, "properties": {"ID": 135,"GroupSecteur": "Rodenbach","Secteur": "Rodenbach 1","Rue": "Avenue Zénobe Gramme","Total Interventions": 78,"Total Taxe": 1,"Total Mediation": 0,"Total Balayage": 14.1666666666667,"Total Déchetterie Mobile": 0}},{ "type": "Feature", "geometry": {"type": "Point", "coordinates": [4.38015805172106,50.8777845638962]}, "properties": {"ID": 136,"GroupSecteur": "Rodenbach","Secteur": "Rodenbach 1","Rue": "Place Princesse Elisabeth","Total Interventions": 29,"Total Taxe": 2,"Total Mediation": 0,"Total Balayage": 16.6666666666667,"Total Déchetterie Mobile": 0}},{ "type": "Feature", "geometry": {"type": "Point", "coordinates": [4.38620256465026,50.876077966605]}, "properties": {"ID": 137,"GroupSecteur": "Rodenbach","Secteur": "Rodenbach 1","Rue": "Rue Anatole France","Total Interventions": 60,"Total Taxe": 0,"Total Mediation": 0,"Total Balayage": 12.3333333333333,"Total Déchetterie Mobile": 0}},{ "type": "Feature", "geometry": {"type": "Point", "coordinates": [4.38468000413592,50.8786867689834]}, "properties": {"ID": 138,"GroupSecteur": "Rodenbach","Secteur": "Rodenbach 1","Rue": "Rue Auguste Snieders","Total Interventions": 11,"Total Taxe": 0,"Total Mediation": 0,"Total Balayage": 12,"Total Déchetterie Mobile": 0}},{ "type": "Feature", "geometry": {"type": "Point", "coordinates": [4.37447079064879,50.8736103475552]}, "properties": {"ID": 139,"GroupSecteur": "Rodenbach","Secteur": "Rodenbach 1","Rue": "Rue Capronnier","Total Interventions": 31,"Total Taxe": 0,"Total Mediation": 0,"Total Balayage": 18.1666666666667,"Total Déchetterie Mobile": 0}},{ "type": "Feature", "geometry": {"type": "Point", "coordinates": [4.3897974302059,50.877786879521]}, "properties": {"ID": 140,"GroupSecteur": "Rodenbach","Secteur": "Rodenbach 1","Rue": "Rue Charles Meert","Total Interventions": 79,"Total Taxe": 1,"Total Mediation": 0,"Total Balayage": 14,"Total Déchetterie Mobile": 0}},{ "type": "Feature", "geometry": {"type": "Point", "coordinates": [4.38865328480475,50.8778612304725]}, "properties": {"ID": 141,"GroupSecteur": "Rodenbach","Secteur": "Rodenbach 1","Rue": "Rue Chaumontel","Total Interventions": 23,"Total Taxe": 0,"Total Mediation": 0,"Total Balayage": 27.8333333333333,"Total Déchetterie Mobile": 0}},{ "type": "Feature", "geometry": {"type": "Point", "coordinates": [4.37454112905609,50.8724846047145]}, "properties": {"ID": 142,"GroupSecteur": "Rodenbach","Secteur": "Rodenbach 1","Rue": "Rue d'Anethan","Total Interventions": 155,"Total Taxe": 3,"Total Mediation": 0,"Total Balayage": 16.5,"Total Déchetterie Mobile": 0}},{ "type": "Feature", "geometry": {"type": "Point", "coordinates": [4.38804834613253,50.8751083874362]}, "properties": {"ID": 143,"GroupSecteur": "Rodenbach","Secteur": "Rodenbach 1","Rue": "Rue de la Bruyère","Total Interventions": 10,"Total Taxe": 0,"Total Mediation": 0,"Total Balayage": 15,"Total Déchetterie Mobile": 0}},{ "type": "Feature", "geometry": {"type": "Point", "coordinates": [4.39495977541794,50.8712777332275]}, "properties": {"ID": 144,"GroupSecteur": "Rodenbach","Secteur": "Rodenbach 1","Rue": "Rue du Tilleul","Total Interventions": "","Total Taxe": "","Total Mediation": "","Total Balayage": 25.6666666666667,"Total Déchetterie Mobile": 0}},{ "type": "Feature", "geometry": {"type": "Point", "coordinates": [4.38792877293077,50.8756365107644]}, "properties": {"ID": 145,"GroupSecteur": "Rodenbach","Secteur": "Rodenbach 1","Rue": "Rue Fernand Séverin","Total Interventions": 148,"Total Taxe": 5,"Total Mediation": 0,"Total Balayage": 14.5,"Total Déchetterie Mobile": 0}},{ "type": "Feature", "geometry": {"type": "Point", "coordinates": [4.37367532270449,50.8699985392763]}, "properties": {"ID": 146,"GroupSecteur": "Rodenbach","Secteur": "Rodenbach 1","Rue": "Rue Fraikin","Total Interventions": 32,"Total Taxe": 3,"Total Mediation": 0,"Total Balayage": 17.6666666666667,"Total Déchetterie Mobile": 0}},{ "type": "Feature", "geometry": {"type": "Point", "coordinates": [4.37402415308554,50.8742635895896]}, "properties": {"ID": 147,"GroupSecteur": "Rodenbach","Secteur": "Rodenbach 1","Rue": "Rue François-Joseph Navez","Total Interventions": 253,"Total Taxe": 6,"Total Mediation": 0,"Total Balayage": 19,"Total Déchetterie Mobile": 0}},{ "type": "Feature", "geometry": {"type": "Point", "coordinates": [4.37770711811979,50.8754328483669]}, "properties": {"ID": 148,"GroupSecteur": "Rodenbach","Secteur": "Rodenbach 1","Rue": "Rue Georges Garnir","Total Interventions": 34,"Total Taxe": 2,"Total Mediation": 0,"Total Balayage": 15.8333333333333,"Total Déchetterie Mobile": 0}},{ "type": "Feature", "geometry": {"type": "Point", "coordinates": [4.38823275899393,50.8765409344483]}, "properties": {"ID": 149,"GroupSecteur": "Rodenbach","Secteur": "Rodenbach 1","Rue": "Rue Grégoire Leroy","Total Interventions": 1,"Total Taxe": 0,"Total Mediation": 0,"Total Balayage": 13.6666666666667,"Total Déchetterie Mobile": 0}},{ "type": "Feature", "geometry": {"type": "Point", "coordinates": [4.38871483390364,50.8753863783053]}, "properties": {"ID": 150,"GroupSecteur": "Rodenbach","Secteur": "Rodenbach 1","Rue": "Rue Gustave Huberti","Total Interventions": 31,"Total Taxe": 1,"Total Mediation": 0,"Total Balayage": 14.5,"Total Déchetterie Mobile": 0}},{ "type": "Feature", "geometry": {"type": "Point", "coordinates": [4.37931066005887,50.8757617819763]}, "properties": {"ID": 151,"GroupSecteur": "Rodenbach","Secteur": "Rodenbach 1","Rue": "Rue Iwan Gilkin","Total Interventions": 14,"Total Taxe": 0,"Total Mediation": 0,"Total Balayage": 15.3333333333333,"Total Déchetterie Mobile": 1}},{ "type": "Feature", "geometry": {"type": "Point", "coordinates": [4.37599799282006,50.875619019143]}, "properties": {"ID": 152,"GroupSecteur": "Rodenbach","Secteur": "Rodenbach 1","Rue": "Rue Joseph Van Camp","Total Interventions": 73,"Total Taxe": 0,"Total Mediation": 0,"Total Balayage": 15.3333333333333,"Total Déchetterie Mobile": 0}},{ "type": "Feature", "geometry": {"type": "Point", "coordinates": [4.37784772141375,50.8763781233575]}, "properties": {"ID": 153,"GroupSecteur": "Rodenbach","Secteur": "Rodenbach 1","Rue": "Rue Maurice des Ombiaux","Total Interventions": 19,"Total Taxe": 1,"Total Mediation": 0,"Total Balayage": 16.6666666666667,"Total Déchetterie Mobile": 0}},{ "type": "Feature", "geometry": {"type": "Point", "coordinates": [4.37686779138715,50.8755315879741]}, "properties": {"ID": 154,"GroupSecteur": "Rodenbach","Secteur": "Rodenbach 1","Rue": "Rue Max Roos","Total Interventions": 122,"Total Taxe": 19,"Total Mediation": 0,"Total Balayage": 16.5,"Total Déchetterie Mobile": 0}},{ "type": "Feature", "geometry": {"type": "Point", "coordinates": [4.37759105030047,50.8749925165206]}, "properties": {"ID": 155,"GroupSecteur": "Rodenbach","Secteur": "Rodenbach 1","Rue": "Rue Nicolas Defrêcheux","Total Interventions": 16,"Total Taxe": 0,"Total Mediation": 0,"Total Balayage": 14.3333333333333,"Total Déchetterie Mobile": 0}},{ "type": "Feature", "geometry": {"type": "Point", "coordinates": [4.37506223175694,50.8739331805138]}, "properties": {"ID": 156,"GroupSecteur": "Rodenbach","Secteur": "Rodenbach 1","Rue": "Rue Portaels","Total Interventions": 177,"Total Taxe": 3,"Total Mediation": 0,"Total Balayage": 17.1666666666667,"Total Déchetterie Mobile": 0}},{ "type": "Feature", "geometry": {"type": "Point", "coordinates": [4.38942361601354,50.8771209146522]}, "properties": {"ID": 157,"GroupSecteur": "Rodenbach","Secteur": "Rodenbach 1","Rue": "Rue Sander Pierron","Total Interventions": 5,"Total Taxe": 0,"Total Mediation": 0,"Total Balayage": 14,"Total Déchetterie Mobile": 0}},{ "type": "Feature", "geometry": {"type": "Point", "coordinates": [4.3882731467161,50.8771545702939]}, "properties": {"ID": 158,"GroupSecteur": "Rodenbach","Secteur": "Rodenbach 1","Rue": "Rue Van Droogenbroeck","Total Interventions": 51,"Total Taxe": 0,"Total Mediation": 0,"Total Balayage": 14.5,"Total Déchetterie Mobile": 0}},{ "type": "Feature", "geometry": {"type": "Point", "coordinates": [4.3738511981685,50.8706208924475]}, "properties": {"ID": 159,"GroupSecteur": "Rodenbach","Secteur": "Rodenbach 1","Rue": "Rue Van Oost","Total Interventions": 128,"Total Taxe": 2,"Total Mediation": 0,"Total Balayage": 19.1666666666667,"Total Déchetterie Mobile": 0}},{ "type": "Feature", "geometry": {"type": "Point", "coordinates": [4.39058632332715,50.8785186159039]}, "properties": {"ID": 160,"GroupSecteur": "Rodenbach","Secteur": "Rodenbach 1","Rue": "Rue Walckiers","Total Interventions": 20,"Total Taxe": 0,"Total Mediation": 0,"Total Balayage": 13.6666666666667,"Total Déchetterie Mobile": 0}},{ "type": "Feature", "geometry": {"type": "Point", "coordinates": [4.38528287568854,50.8739164933615]}, "properties": {"ID": 161,"GroupSecteur": "Rodenbach","Secteur": "Rodenbach 1","Rue": "Square François Riga","Total Interventions": 45,"Total Taxe": 0,"Total Mediation": 0,"Total Balayage": 10.1666666666667,"Total Déchetterie Mobile": 1}},{ "type": "Feature", "geometry": {"type": "Point", "coordinates": [4.38363752610578,50.8705407352366]}, "properties": {"ID": 162,"GroupSecteur": "Rodenbach","Secteur": "Rodenbach 2","Rue": "Avenue Albert Desenfans","Total Interventions": 21,"Total Taxe": 0,"Total Mediation": 0,"Total Balayage": 12.3333333333333,"Total Déchetterie Mobile": 0}},{ "type": "Feature", "geometry": {"type": "Point", "coordinates": [4.38120421934298,50.8728569255574]}, "properties": {"ID": 163,"GroupSecteur": "Rodenbach","Secteur": "Rodenbach 2","Rue": "Avenue Eugène Demolder","Total Interventions": 33,"Total Taxe": 1,"Total Mediation": 0,"Total Balayage": 16,"Total Déchetterie Mobile": 0}},{ "type": "Feature", "geometry": {"type": "Point", "coordinates": [4.37764423201893,50.8744438808696]}, "properties": {"ID": 164,"GroupSecteur": "Rodenbach","Secteur": "Rodenbach 2","Rue": "Avenue Princesse Elisabeth","Total Interventions": 184,"Total Taxe": 3,"Total Mediation": 0,"Total Balayage": 16.3333333333333,"Total Déchetterie Mobile": 0}},{ "type": "Feature", "geometry": {"type": "Point", "coordinates": [4.3920867382198,50.8757917954992]}, "properties": {"ID": 165,"GroupSecteur": "Rodenbach","Secteur": "Rodenbach 2","Rue": "Chaussée de Helmet","Total Interventions": 331,"Total Taxe": 3,"Total Mediation": 0,"Total Balayage": 20.3333333333333,"Total Déchetterie Mobile": 0}},{ "type": "Feature", "geometry": {"type": "Point", "coordinates": [4.38950005821737,50.8729595282635]}, "properties": {"ID": 166,"GroupSecteur": "Rodenbach","Secteur": "Rodenbach 2","Rue": "Place de Helmet","Total Interventions": 18,"Total Taxe": 0,"Total Mediation": 0,"Total Balayage": 13.6666666666667,"Total Déchetterie Mobile": 0}},{ "type": "Feature", "geometry": {"type": "Point", "coordinates": [4.37586392282661,50.8709736432363]}, "properties": {"ID": 167,"GroupSecteur": "Rodenbach","Secteur": "Rodenbach 2","Rue": "Place Eugène Verboekhoven","Total Interventions": 29,"Total Taxe": 0,"Total Mediation": 0,"Total Balayage": 18.5,"Total Déchetterie Mobile": 0}},{ "type": "Feature", "geometry": {"type": "Point", "coordinates": [4.38900398926031,50.8718731830723]}, "properties": {"ID": 168,"GroupSecteur": "Rodenbach","Secteur": "Rodenbach 2","Rue": "Rue Achille Detienne","Total Interventions": 39,"Total Taxe": 0,"Total Mediation": 0,"Total Balayage": 12.6666666666667,"Total Déchetterie Mobile": 0}},{ "type": "Feature", "geometry": {"type": "Point", "coordinates": [4.39020771570063,50.8738061871463]}, "properties": {"ID": 169,"GroupSecteur": "Rodenbach","Secteur": "Rodenbach 2","Rue": "Rue Charles Van Lerberghe","Total Interventions": 11,"Total Taxe": 0,"Total Mediation": 0,"Total Balayage": 13.3333333333333,"Total Déchetterie Mobile": 0}},{ "type": "Feature", "geometry": {"type": "Point", "coordinates": [4.39263131913963,50.8740040722056]}, "properties": {"ID": 170,"GroupSecteur": "Rodenbach","Secteur": "Rodenbach 2","Rue": "Rue Docteur Elie Lambotte","Total Interventions": 128,"Total Taxe": 1,"Total Mediation": 0,"Total Balayage": 13.5,"Total Déchetterie Mobile": 0}},{ "type": "Feature", "geometry": {"type": "Point", "coordinates": [4.39296583955296,50.8731615121509]}, "properties": {"ID": 171,"GroupSecteur": "Rodenbach","Secteur": "Rodenbach 2","Rue": "Rue du Corbeau","Total Interventions": 83,"Total Taxe": 0,"Total Mediation": 0,"Total Balayage": 13.1666666666667,"Total Déchetterie Mobile": 0}},{ "type": "Feature", "geometry": {"type": "Point", "coordinates": [4.38328262622618,50.8728640157925]}, "properties": {"ID": 172,"GroupSecteur": "Rodenbach","Secteur": "Rodenbach 2","Rue": "Rue du Dahlia","Total Interventions": 7,"Total Taxe": 1,"Total Mediation": 0,"Total Balayage": 18.5,"Total Déchetterie Mobile": 0}},{ "type": "Feature", "geometry": {"type": "Point", "coordinates": [4.385435771652,50.8720031885464]}, "properties": {"ID": 173,"GroupSecteur": "Rodenbach","Secteur": "Rodenbach 2","Rue": "Rue du Foyer Schaerbeekois","Total Interventions": 50,"Total Taxe": 2,"Total Mediation": 0,"Total Balayage": 12.5,"Total Déchetterie Mobile": 0}},{ "type": "Feature", "geometry": {"type": "Point", "coordinates": [4.37771077798628,50.8688175012953]}, "properties": {"ID": 174,"GroupSecteur": "Rodenbach","Secteur": "Rodenbach 2","Rue": "Rue Général Eenens","Total Interventions": "","Total Taxe": "","Total Mediation": "","Total Balayage": 20,"Total Déchetterie Mobile": 0}},{ "type": "Feature", "geometry": {"type": "Point", "coordinates": [4.39091628934899,50.8728934058758]}, "properties": {"ID": 175,"GroupSecteur": "Rodenbach","Secteur": "Rodenbach 2","Rue": "Rue Georges Raeymaekers","Total Interventions": 76,"Total Taxe": 1,"Total Mediation": 0,"Total Balayage": 17.3333333333333,"Total Déchetterie Mobile": 0}},{ "type": "Feature", "geometry": {"type": "Point", "coordinates": [4.39237900123744,50.8750737828709]}, "properties": {"ID": 176,"GroupSecteur": "Rodenbach","Secteur": "Rodenbach 2","Rue": "Rue Guido Gezelle","Total Interventions": 55,"Total Taxe": 0,"Total Mediation": 0,"Total Balayage": 13,"Total Déchetterie Mobile": 0}},{ "type": "Feature", "geometry": {"type": "Point", "coordinates": [4.39275738070401,50.8715215480736]}, "properties": {"ID": 177,"GroupSecteur": "Rodenbach","Secteur": "Rodenbach 2","Rue": "Rue Henri Jacobs","Total Interventions": 46,"Total Taxe": 0,"Total Mediation": 0,"Total Balayage": 16.5,"Total Déchetterie Mobile": 0}},{ "type": "Feature", "geometry": {"type": "Point", "coordinates": [4.38276376088583,50.8719439771258]}, "properties": {"ID": 178,"GroupSecteur": "Rodenbach","Secteur": "Rodenbach 2","Rue": "Rue Jan Blockx","Total Interventions": 41,"Total Taxe": 10,"Total Mediation": 0,"Total Balayage": 18.5,"Total Déchetterie Mobile": 0}},{ "type": "Feature", "geometry": {"type": "Point", "coordinates": [4.37932338197338,50.8714660564894]}, "properties": {"ID": 179,"GroupSecteur": "Rodenbach","Secteur": "Rodenbach 2","Rue": "Rue Léopold Courouble","Total Interventions": 44,"Total Taxe": 1,"Total Mediation": 0,"Total Balayage": 18.5,"Total Déchetterie Mobile": 0}},{ "type": "Feature", "geometry": {"type": "Point", "coordinates": [4.39151166832022,50.8752617135397]}, "properties": {"ID": 180,"GroupSecteur": "Rodenbach","Secteur": "Rodenbach 2","Rue": "Rue Marguerite Van de Wiele","Total Interventions": 11,"Total Taxe": 0,"Total Mediation": 0,"Total Balayage": 12.3333333333333,"Total Déchetterie Mobile": 0}},{ "type": "Feature", "geometry": {"type": "Point", "coordinates": [4.38403088733714,50.871955006271]}, "properties": {"ID": 181,"GroupSecteur": "Rodenbach","Secteur": "Rodenbach 2","Rue": "Rue Nestor De Tière","Total Interventions": 56,"Total Taxe": 4,"Total Mediation": 0,"Total Balayage": 12.5,"Total Déchetterie Mobile": 0}},{ "type": "Feature", "geometry": {"type": "Point", "coordinates": [4.39175588007223,50.8723074408364]}, "properties": {"ID": 182,"GroupSecteur": "Rodenbach","Secteur": "Rodenbach 2","Rue": "Rue Richard Vandevelde","Total Interventions": 149,"Total Taxe": 9,"Total Mediation": 0,"Total Balayage": 20.1666666666667,"Total Déchetterie Mobile": 0}},{ "type": "Feature", "geometry": {"type": "Point", "coordinates": [4.39326083953595,50.872359963384]}, "properties": {"ID": 183,"GroupSecteur": "Rodenbach","Secteur": "Rodenbach 2","Rue": "Rue Stijn Streuvels","Total Interventions": 40,"Total Taxe": 0,"Total Mediation": 0,"Total Balayage": 12.8333333333333,"Total Déchetterie Mobile": 0}},{ "type": "Feature", "geometry": {"type": "Point", "coordinates": [4.38026798897756,50.8703824185224]}, "properties": {"ID": 184,"GroupSecteur": "Rodenbach","Secteur": "Rodenbach 2","Rue": "Rue Waelhem","Total Interventions": 208,"Total Taxe": 1,"Total Mediation": 0,"Total Balayage": 18.5,"Total Déchetterie Mobile": 0}},{ "type": "Feature", "geometry": {"type": "Point", "coordinates": [4.38943760950426,50.8753249592251]}, "properties": {"ID": 185,"GroupSecteur": "Rodenbach","Secteur": "Rodenbach 2","Rue": "Sentier des Pommes","Total Interventions": 0,"Total Taxe": 0,"Total Mediation": 0,"Total Balayage": "","Total Déchetterie Mobile": 0}},{ "type": "Feature", "geometry": {"type": "Point", "coordinates": [4.39123734236914,50.8728949366673]}, "properties": {"ID": 186,"GroupSecteur": "Rodenbach","Secteur": "Rodenbach 2","Rue": "Square Apollo","Total Interventions": 21,"Total Taxe": 0,"Total Mediation": 0,"Total Balayage": 19.6666666666667,"Total Déchetterie Mobile": 0}},{ "type": "Feature", "geometry": {"type": "Point", "coordinates": [4.38971528954747,50.8702728341019]}, "properties": {"ID": 187,"GroupSecteur": "Rodenbach","Secteur": "Rodenbach 2","Rue": "Square Willy Authom","Total Interventions": 0,"Total Taxe": 0,"Total Mediation": 0,"Total Balayage": 12.8,"Total Déchetterie Mobile": 0}},{ "type": "Feature", "geometry": {"type": "Point", "coordinates": [4.39028310926478,50.8653945935813]}, "properties": {"ID": 188,"GroupSecteur": "Rodenbach","Secteur": "Rodenbach 3","Rue": "Allée des Freesias","Total Interventions": 46,"Total Taxe": 0,"Total Mediation": 0,"Total Balayage": 15.1666666666667,"Total Déchetterie Mobile": 0}},{ "type": "Feature", "geometry": {"type": "Point", "coordinates": [4.38250631545189,50.8640390074749]}, "properties": {"ID": 189,"GroupSecteur": "Rodenbach","Secteur": "Rodenbach 3","Rue": "Avenue Ambassadeur van Vollenhoven","Total Interventions": 1,"Total Taxe": 0,"Total Mediation": 0,"Total Balayage": "","Total Déchetterie Mobile": 0}},{ "type": "Feature", "geometry": {"type": "Point", "coordinates": [4.38589082660526,50.8689400101164]}, "properties": {"ID": 190,"GroupSecteur": "Rodenbach","Secteur": "Rodenbach 3","Rue": "Avenue Britsiers","Total Interventions": 0,"Total Taxe": 0,"Total Mediation": 0,"Total Balayage": "","Total Déchetterie Mobile": 0}},{ "type": "Feature", "geometry": {"type": "Point", "coordinates": [4.39449193177429,50.8645532192167]}, "properties": {"ID": 191,"GroupSecteur": "Rodenbach","Secteur": "Rodenbach 3","Rue": "Avenue Charles Gilisquet","Total Interventions": 15,"Total Taxe": 0,"Total Mediation": 0,"Total Balayage": 12.3333333333333,"Total Déchetterie Mobile": 0}},{ "type": "Feature", "geometry": {"type": "Point", "coordinates": [4.38815912804288,50.8651892279632]}, "properties": {"ID": 192,"GroupSecteur": "Rodenbach","Secteur": "Rodenbach 3","Rue": "Avenue des Capucines","Total Interventions": 3,"Total Taxe": 0,"Total Mediation": 0,"Total Balayage": 12,"Total Déchetterie Mobile": 0}},{ "type": "Feature", "geometry": {"type": "Point", "coordinates": [4.38745265049931,50.8661658249925]}, "properties": {"ID": 193,"GroupSecteur": "Rodenbach","Secteur": "Rodenbach 3","Rue": "Avenue des Glycines","Total Interventions": 12,"Total Taxe": 0,"Total Mediation": 0,"Total Balayage": 15.1666666666667,"Total Déchetterie Mobile": 0}},{ "type": "Feature", "geometry": {"type": "Point", "coordinates": [4.38719283480304,50.8636346229202]}, "properties": {"ID": 194,"GroupSecteur": "Rodenbach","Secteur": "Rodenbach 3","Rue": "Avenue des Héliotropes","Total Interventions": 1,"Total Taxe": 0,"Total Mediation": 0,"Total Balayage": 12,"Total Déchetterie Mobile": 0}},{ "type": "Feature", "geometry": {"type": "Point", "coordinates": [4.38904555120082,50.8625747498252]}, "properties": {"ID": 195,"GroupSecteur": "Rodenbach","Secteur": "Rodenbach 3","Rue": "Avenue des Jacinthes","Total Interventions": 1,"Total Taxe": 0,"Total Mediation": 0,"Total Balayage": 12.1666666666667,"Total Déchetterie Mobile": 0}},{ "type": "Feature", "geometry": {"type": "Point", "coordinates": [4.38953672603033,50.8690262826721]}, "properties": {"ID": 196,"GroupSecteur": "Rodenbach","Secteur": "Rodenbach 3","Rue": "Avenue Docteur Dejase","Total Interventions": 35,"Total Taxe": 0,"Total Mediation": 0,"Total Balayage": 16.6666666666667,"Total Déchetterie Mobile": 0}},{ "type": "Feature", "geometry": {"type": "Point", "coordinates": [4.3819927748863,50.8662018476516]}, "properties": {"ID": 197,"GroupSecteur": "Rodenbach","Secteur": "Rodenbach 3","Rue": "Avenue du Suffrage Universel","Total Interventions": 23,"Total Taxe": 0,"Total Mediation": 0,"Total Balayage": 9.83333333333333,"Total Déchetterie Mobile": 0}},{ "type": "Feature", "geometry": {"type": "Point", "coordinates": [4.38100597260266,50.8671403526481]}, "properties": {"ID": 198,"GroupSecteur": "Rodenbach","Secteur": "Rodenbach 3","Rue": "Avenue Ernest Renan","Total Interventions": 26,"Total Taxe": 1,"Total Mediation": 0,"Total Balayage": 9.5,"Total Déchetterie Mobile": 0}},{ "type": "Feature", "geometry": {"type": "Point", "coordinates": [4.39240100296393,50.8615538255381]}, "properties": {"ID": 199,"GroupSecteur": "Rodenbach","Secteur": "Rodenbach 3","Rue": "Avenue Gustave Latinis","Total Interventions": 87,"Total Taxe": 2,"Total Mediation": 0,"Total Balayage": 12.5,"Total Déchetterie Mobile": 0}},{ "type": "Feature", "geometry": {"type": "Point", "coordinates": [4.38490920375635,50.8664240848587]}, "properties": {"ID": 200,"GroupSecteur": "Rodenbach","Secteur": "Rodenbach 3","Rue": "Avenue Louis Bertrand","Total Interventions": "","Total Taxe": "","Total Mediation": "","Total Balayage": 9.16666666666667,"Total Déchetterie Mobile": 0}},{ "type": "Feature", "geometry": {"type": "Point", "coordinates": [4.39602677028736,50.8674035324235]}, "properties": {"ID": 201,"GroupSecteur": "Rodenbach","Secteur": "Rodenbach 3","Rue": "Avenue Raymond Foucart","Total Interventions": 38,"Total Taxe": 0,"Total Mediation": 0,"Total Balayage": 12.1666666666667,"Total Déchetterie Mobile": 0}},{ "type": "Feature", "geometry": {"type": "Point", "coordinates": [4.38105412388678,50.863805569351]}, "properties": {"ID": 202,"GroupSecteur": "Rodenbach","Secteur": "Rodenbach 3","Rue": "Avenue Voltaire","Total Interventions": 320,"Total Taxe": 14,"Total Mediation": 0,"Total Balayage": 14.1666666666667,"Total Déchetterie Mobile": 0}},{ "type": "Feature", "geometry": {"type": "Point", "coordinates": [4.39199235894657,50.8646222863963]}, "properties": {"ID": 203,"GroupSecteur": "Rodenbach","Secteur": "Rodenbach 3","Rue": "Chemin du Forgeron","Total Interventions": 1,"Total Taxe": 0,"Total Mediation": 0,"Total Balayage": 15.1666666666667,"Total Déchetterie Mobile": 0}},{ "type": "Feature", "geometry": {"type": "Point", "coordinates": [4.39369099744208,50.8647569376]}, "properties": {"ID": 204,"GroupSecteur": "Rodenbach","Secteur": "Rodenbach 3","Rue": "Clos du Chemin Creux","Total Interventions": 18,"Total Taxe": 1,"Total Mediation": 0,"Total Balayage": 15.1666666666667,"Total Déchetterie Mobile": 0}},{ "type": "Feature", "geometry": {"type": "Point", "coordinates": [4.39134723125037,50.8663125937439]}, "properties": {"ID": 205,"GroupSecteur": "Rodenbach","Secteur": "Rodenbach 3","Rue": "Drève Recteur Van Waeyenbergh","Total Interventions": 0,"Total Taxe": 0,"Total Mediation": 0,"Total Balayage": "","Total Déchetterie Mobile": 0}},{ "type": "Feature", "geometry": {"type": "Point", "coordinates": [4.39429593458392,50.8646367120135]}, "properties": {"ID": 206,"GroupSecteur": "Rodenbach","Secteur": "Rodenbach 3","Rue": "Place Bichon","Total Interventions": 1,"Total Taxe": 0,"Total Mediation": 0,"Total Balayage": "","Total Déchetterie Mobile": 0}},{ "type": "Feature", "geometry": {"type": "Point", "coordinates": [4.38986967196357,50.8686060285217]}, "properties": {"ID": 207,"GroupSecteur": "Rodenbach","Secteur": "Rodenbach 3","Rue": "Place Terdelt","Total Interventions": 18,"Total Taxe": 0,"Total Mediation": 0,"Total Balayage": 16.6666666666667,"Total Déchetterie Mobile": 0}},{ "type": "Feature", "geometry": {"type": "Point", "coordinates": [4.3796127246488,50.8688462845488]}, "properties": {"ID": 208,"GroupSecteur": "Rodenbach","Secteur": "Rodenbach 3","Rue": "Rue Van Ysendyck","Total Interventions": 0,"Total Taxe": 0,"Total Mediation": 0,"Total Balayage": 10,"Total Déchetterie Mobile": 0}},{ "type": "Feature", "geometry": {"type": "Point", "coordinates": [4.39267170560956,50.8700127780045]}, "properties": {"ID": 209,"GroupSecteur": "Rodenbach","Secteur": "Rodenbach 3","Rue": "Rue Adolphe Marbotin","Total Interventions": 78,"Total Taxe": 20,"Total Mediation": 0,"Total Balayage": 16.5,"Total Déchetterie Mobile": 1}},{ "type": "Feature", "geometry": {"type": "Point", "coordinates": [4.39380994021313,50.8670631323909]}, "properties": {"ID": 210,"GroupSecteur": "Rodenbach","Secteur": "Rodenbach 3","Rue": "Rue Alexandre De Craene","Total Interventions": 17,"Total Taxe": 0,"Total Mediation": 0,"Total Balayage": 11.6666666666667,"Total Déchetterie Mobile": 0}},{ "type": "Feature", "geometry": {"type": "Point", "coordinates": [4.38796902084703,50.8671057796383]}, "properties": {"ID": 211,"GroupSecteur": "Rodenbach","Secteur": "Rodenbach 3","Rue": "Rue Armand de Roo","Total Interventions": 6,"Total Taxe": 0,"Total Mediation": 0,"Total Balayage": 15.1666666666667,"Total Déchetterie Mobile": 0}},{ "type": "Feature", "geometry": {"type": "Point", "coordinates": [4.3951476124158,50.8645548149064]}, "properties": {"ID": 212,"GroupSecteur": "Rodenbach","Secteur": "Rodenbach 3","Rue": "Rue Arthur Roland","Total Interventions": 18,"Total Taxe": 1,"Total Mediation": 0,"Total Balayage": 12,"Total Déchetterie Mobile": 0}},{ "type": "Feature", "geometry": {"type": "Point", "coordinates": [4.38901955068285,50.8668085581936]}, "properties": {"ID": 213,"GroupSecteur": "Rodenbach","Secteur": "Rodenbach 3","Rue": "Rue Caporal Claes","Total Interventions": 33,"Total Taxe": 0,"Total Mediation": 0,"Total Balayage": 33.5,"Total Déchetterie Mobile": 0}},{ "type": "Feature", "geometry": {"type": "Point", "coordinates": [4.3951216221131,50.8675712176582]}, "properties": {"ID": 214,"GroupSecteur": "Rodenbach","Secteur": "Rodenbach 3","Rue": "Rue Charles Vanderstappen","Total Interventions": 6,"Total Taxe": 0,"Total Mediation": 0,"Total Balayage": 11.6666666666667,"Total Déchetterie Mobile": 0}},{ "type": "Feature", "geometry": {"type": "Point", "coordinates": [4.39224319926662,50.8692722013132]}, "properties": {"ID": 215,"GroupSecteur": "Rodenbach","Secteur": "Rodenbach 3","Rue": "Rue de l'Agriculture","Total Interventions": "","Total Taxe": "","Total Mediation": "","Total Balayage": 43.8333333333333,"Total Déchetterie Mobile": 0}},{ "type": "Feature", "geometry": {"type": "Point", "coordinates": [4.39224319926662,50.8692722013132]}, "properties": {"ID": 216,"GroupSecteur": "Rodenbach","Secteur": "Rodenbach 3","Rue": "Rue de l'Agriculture","Total Interventions": "","Total Taxe": "","Total Mediation": "","Total Balayage": 43.8333333333333,"Total Déchetterie Mobile": 0}},{ "type": "Feature", "geometry": {"type": "Point", "coordinates": [4.38704172159508,50.8656429854203]}, "properties": {"ID": 217,"GroupSecteur": "Rodenbach","Secteur": "Rodenbach 3","Rue": "Rue des Mimosas","Total Interventions": 3,"Total Taxe": 0,"Total Mediation": 0,"Total Balayage": 12.3333333333333,"Total Déchetterie Mobile": 0}},{ "type": "Feature", "geometry": {"type": "Point", "coordinates": [4.39069159067254,50.8619876053527]}, "properties": {"ID": 218,"GroupSecteur": "Rodenbach","Secteur": "Rodenbach 3","Rue": "Rue des Pensées","Total Interventions": 0,"Total Taxe": 0,"Total Mediation": 0,"Total Balayage": 12.3333333333333,"Total Déchetterie Mobile": 0}},{ "type": "Feature", "geometry": {"type": "Point", "coordinates": [4.39671112611737,50.8668841799697]}, "properties": {"ID": 219,"GroupSecteur": "Rodenbach","Secteur": "Rodenbach 3","Rue": "Rue Désiré Desmet","Total Interventions": 11,"Total Taxe": 0,"Total Mediation": 0,"Total Balayage": 11.6666666666667,"Total Déchetterie Mobile": 0}},{ "type": "Feature", "geometry": {"type": "Point", "coordinates": [4.39495977541794,50.8712777332275]}, "properties": {"ID": 220,"GroupSecteur": "Rodenbach","Secteur": "Rodenbach 3","Rue": "Rue du Tilleul","Total Interventions": "","Total Taxe": "","Total Mediation": "","Total Balayage": 25.6666666666667,"Total Déchetterie Mobile": 0}},{ "type": "Feature", "geometry": {"type": "Point", "coordinates": [4.39298119226133,50.8671853691996]}, "properties": {"ID": 221,"GroupSecteur": "Rodenbach","Secteur": "Rodenbach 3","Rue": "Rue Godefroid Guffens","Total Interventions": 53,"Total Taxe": 0,"Total Mediation": 0,"Total Balayage": 15.3333333333333,"Total Déchetterie Mobile": 0}},{ "type": "Feature", "geometry": {"type": "Point", "coordinates": [4.38731140748737,50.8678044829641]}, "properties": {"ID": 222,"GroupSecteur": "Rodenbach","Secteur": "Rodenbach 3","Rue": "Rue Guillaume Kennis","Total Interventions": 27,"Total Taxe": 0,"Total Mediation": 0,"Total Balayage": 16.6666666666667,"Total Déchetterie Mobile": 0}},{ "type": "Feature", "geometry": {"type": "Point", "coordinates": [4.3970259405738,50.8665376758745]}, "properties": {"ID": 223,"GroupSecteur": "Rodenbach","Secteur": "Rodenbach 3","Rue": "Rue Herman Richir","Total Interventions": 4,"Total Taxe": 0,"Total Mediation": 0,"Total Balayage": 11.8333333333333,"Total Déchetterie Mobile": 0}},{ "type": "Feature", "geometry": {"type": "Point", "coordinates": [4.39472530040242,50.8653618747701]}, "properties": {"ID": 224,"GroupSecteur": "Rodenbach","Secteur": "Rodenbach 3","Rue": "Rue Hubert Krains","Total Interventions": 2,"Total Taxe": 0,"Total Mediation": 0,"Total Balayage": 12,"Total Déchetterie Mobile": 0}},{ "type": "Feature", "geometry": {"type": "Point", "coordinates": [4.38108943691498,50.8695506610183]}, "properties": {"ID": 225,"GroupSecteur": "Rodenbach","Secteur": "Rodenbach 3","Rue": "Rue Jacques Rayé","Total Interventions": 112,"Total Taxe": 1,"Total Mediation": 0,"Total Balayage": 9.5,"Total Déchetterie Mobile": 0}},{ "type": "Feature", "geometry": {"type": "Point", "coordinates": [4.3917612105481,50.8679175487794]}, "properties": {"ID": 226,"GroupSecteur": "Rodenbach","Secteur": "Rodenbach 3","Rue": "Rue Jean-Baptiste Brems","Total Interventions": 0,"Total Taxe": 0,"Total Mediation": 0,"Total Balayage": 15.1666666666667,"Total Déchetterie Mobile": 0}},{ "type": "Feature", "geometry": {"type": "Point", "coordinates": [4.39566307272607,50.8686864498409]}, "properties": {"ID": 227,"GroupSecteur": "Rodenbach","Secteur": "Rodenbach 3","Rue": "Rue Joseph Wauters","Total Interventions": 40,"Total Taxe": 1,"Total Mediation": 0,"Total Balayage": 16.8333333333333,"Total Déchetterie Mobile": 0}},{ "type": "Feature", "geometry": {"type": "Point", "coordinates": [4.39389887346132,50.8695116738698]}, "properties": {"ID": 228,"GroupSecteur": "Rodenbach","Secteur": "Rodenbach 3","Rue": "Rue Jules Destrée","Total Interventions": 30,"Total Taxe": 19,"Total Mediation": 0,"Total Balayage": 16.8333333333333,"Total Déchetterie Mobile": 0}},{ "type": "Feature", "geometry": {"type": "Point", "coordinates": [4.3942406594321,50.8673090058853]}, "properties": {"ID": 229,"GroupSecteur": "Rodenbach","Secteur": "Rodenbach 3","Rue": "Rue Julius Hoste","Total Interventions": 4,"Total Taxe": 0,"Total Mediation": 0,"Total Balayage": 11.8333333333333,"Total Déchetterie Mobile": 0}},{ "type": "Feature", "geometry": {"type": "Point", "coordinates": [4.38937885401403,50.8675614681225]}, "properties": {"ID": 230,"GroupSecteur": "Rodenbach","Secteur": "Rodenbach 3","Rue": "Rue Pierre Theunis","Total Interventions": 8,"Total Taxe": 0,"Total Mediation": 0,"Total Balayage": 15.1666666666667,"Total Déchetterie Mobile": 0}},{ "type": "Feature", "geometry": {"type": "Point", "coordinates": [4.39478365379704,50.8680597454387]}, "properties": {"ID": 231,"GroupSecteur": "Rodenbach","Secteur": "Rodenbach 3","Rue": "Rue Théo Coopman","Total Interventions": 1,"Total Taxe": 0,"Total Mediation": 0,"Total Balayage": 11.6666666666667,"Total Déchetterie Mobile": 0}},{ "type": "Feature", "geometry": {"type": "Point", "coordinates": [4.3796127246488,50.8688462845488]}, "properties": {"ID": 232,"GroupSecteur": "Rodenbach","Secteur": "Rodenbach 3","Rue": "Rue Van Ysendyck","Total Interventions": 0,"Total Taxe": 0,"Total Mediation": 0,"Total Balayage": 10,"Total Déchetterie Mobile": 0}},{ "type": "Feature", "geometry": {"type": "Point", "coordinates": [4.39607047953616,50.8658346845864]}, "properties": {"ID": 233,"GroupSecteur": "Rodenbach","Secteur": "Rodenbach 3","Rue": "Rue Victor Vanderhoeft","Total Interventions": 0,"Total Taxe": 0,"Total Mediation": 0,"Total Balayage": 11.6666666666667,"Total Déchetterie Mobile": 0}},{ "type": "Feature", "geometry": {"type": "Point", "coordinates": [4.38770514841922,50.8686424674013]}, "properties": {"ID": 234,"GroupSecteur": "Rodenbach","Secteur": "Rodenbach 3","Rue": "Rue Willem Kuhnen","Total Interventions": 13,"Total Taxe": 0,"Total Mediation": 0,"Total Balayage": 16.1666666666667,"Total Déchetterie Mobile": 0}},{ "type": "Feature", "geometry": {"type": "Point", "coordinates": [4.3815737781666,50.8691318597645]}, "properties": {"ID": 235,"GroupSecteur": "Rodenbach","Secteur": "Rodenbach 3","Rue": "Square Maurane","Total Interventions": 0,"Total Taxe": 0,"Total Mediation": 0,"Total Balayage": 11.7,"Total Déchetterie Mobile": 0}},{ "type": "Feature", "geometry": {"type": "Point", "coordinates": [4.39229570338165,50.8708555122391]}, "properties": {"ID": 236,"GroupSecteur": "Rodenbach","Secteur": "Rodenbach-Vifquin","Rue": "Chaussée de Haecht","Total Interventions": 118,"Total Taxe": 1,"Total Mediation": 0,"Total Balayage": "","Total Déchetterie Mobile": 0}},{ "type": "Feature", "geometry": {"type": "Point", "coordinates": [4.3682606355481,50.858986965822]}, "properties": {"ID": 237,"GroupSecteur": "Vifquin","Secteur": "Vifquin","Rue": "Rue des Palais","Total Interventions": 80,"Total Taxe": 1,"Total Mediation": 0,"Total Balayage": "","Total Déchetterie Mobile": 0}},{ "type": "Feature", "geometry": {"type": "Point", "coordinates": [4.35993264506029,50.8655198166647]}, "properties": {"ID": 238,"GroupSecteur": "Vifquin","Secteur": "Vifquin 1","Rue": "Avenue de l'Héliport","Total Interventions": 3,"Total Taxe": 0,"Total Mediation": 0,"Total Balayage": "","Total Déchetterie Mobile": 0}},{ "type": "Feature", "geometry": {"type": "Point", "coordinates": [4.3621577898222,50.8655968414954]}, "properties": {"ID": 239,"GroupSecteur": "Vifquin","Secteur": "Vifquin 1","Rue": "Avenue Philippe Thomas","Total Interventions": 201,"Total Taxe": 0,"Total Mediation": 0,"Total Balayage": 18.8333333333333,"Total Déchetterie Mobile": 0}},{ "type": "Feature", "geometry": {"type": "Point", "coordinates": [4.35897769626882,50.8629409553687]}, "properties": {"ID": 240,"GroupSecteur": "Vifquin","Secteur": "Vifquin 1","Rue": "Boulevard du Roi Albert II","Total Interventions": 0,"Total Taxe": 0,"Total Mediation": 0,"Total Balayage": "","Total Déchetterie Mobile": 0}},{ "type": "Feature", "geometry": {"type": "Point", "coordinates": [4.35760076907645,50.8607005948702]}, "properties": {"ID": 241,"GroupSecteur": "Vifquin","Secteur": "Vifquin 1","Rue": "Boulevard Simon Bolivar","Total Interventions": 0,"Total Taxe": 0,"Total Mediation": 0,"Total Balayage": "","Total Déchetterie Mobile": 0}},{ "type": "Feature", "geometry": {"type": "Point", "coordinates": [4.36654622215019,50.8582464451391]}, "properties": {"ID": 242,"GroupSecteur": "Vifquin","Secteur": "Vifquin 1","Rue": "Petite rue des Secours","Total Interventions": 7,"Total Taxe": 0,"Total Mediation": 0,"Total Balayage": 14.3333333333333,"Total Déchetterie Mobile": 0}},{ "type": "Feature", "geometry": {"type": "Point", "coordinates": [4.37162340568584,50.8699490885561]}, "properties": {"ID": 243,"GroupSecteur": "Vifquin","Secteur": "Vifquin 1","Rue": "Place du Pavillon","Total Interventions": 0,"Total Taxe": 0,"Total Mediation": 0,"Total Balayage": "","Total Déchetterie Mobile": 0}},{ "type": "Feature", "geometry": {"type": "Point", "coordinates": [4.36090824211339,50.8656697141326]}, "properties": {"ID": 244,"GroupSecteur": "Vifquin","Secteur": "Vifquin 1","Rue": "Place Gaucheret","Total Interventions": 212,"Total Taxe": 3,"Total Mediation": 0,"Total Balayage": 19.5,"Total Déchetterie Mobile": 0}},{ "type": "Feature", "geometry": {"type": "Point", "coordinates": [4.36640284081422,50.8638743847139]}, "properties": {"ID": 245,"GroupSecteur": "Vifquin","Secteur": "Vifquin 1","Rue": "Place Liedts","Total Interventions": 15,"Total Taxe": 0,"Total Mediation": 0,"Total Balayage": "","Total Déchetterie Mobile": 0}},{ "type": "Feature", "geometry": {"type": "Point", "coordinates": [4.36441382766248,50.8707663886279]}, "properties": {"ID": 246,"GroupSecteur": "Vifquin","Secteur": "Vifquin 1","Rue": "Place Masui","Total Interventions": 38,"Total Taxe": 0,"Total Mediation": 0,"Total Balayage": 12.1666666666667,"Total Déchetterie Mobile": 0}},{ "type": "Feature", "geometry": {"type": "Point", "coordinates": [4.35941192098524,50.8620317490393]}, "properties": {"ID": 247,"GroupSecteur": "Vifquin","Secteur": "Vifquin 1","Rue": "Place Solvay","Total Interventions": 2,"Total Taxe": 0,"Total Mediation": 0,"Total Balayage": "","Total Déchetterie Mobile": 0}},{ "type": "Feature", "geometry": {"type": "Point", "coordinates": [4.36988302382298,50.870840455432]}, "properties": {"ID": 248,"GroupSecteur": "Vifquin","Secteur": "Vifquin 1","Rue": "Place Stephenson","Total Interventions": 70,"Total Taxe": 2,"Total Mediation": 0,"Total Balayage": 15.8333333333333,"Total Déchetterie Mobile": 0}},{ "type": "Feature", "geometry": {"type": "Point", "coordinates": [4.36947966442271,50.8650769297717]}, "properties": {"ID": 249,"GroupSecteur": "Vifquin","Secteur": "Vifquin 1","Rue": "Rue Vandermeersch","Total Interventions": 0,"Total Taxe": 0,"Total Mediation": 0,"Total Balayage": 19.3333333333333,"Total Déchetterie Mobile": 0}},{ "type": "Feature", "geometry": {"type": "Point", "coordinates": [4.36251681464789,50.8597610630753]}, "properties": {"ID": 250,"GroupSecteur": "Vifquin","Secteur": "Vifquin 1","Rue": "Rue Allard","Total Interventions": 0,"Total Taxe": 0,"Total Mediation": 0,"Total Balayage": "","Total Déchetterie Mobile": 0}},{ "type": "Feature", "geometry": {"type": "Point", "coordinates": [4.36210425980999,50.8595083250655]}, "properties": {"ID": 251,"GroupSecteur": "Vifquin","Secteur": "Vifquin 1","Rue": "Rue d'Aerschot","Total Interventions": 4,"Total Taxe": 0,"Total Mediation": 0,"Total Balayage": "","Total Déchetterie Mobile": 0}},{ "type": "Feature", "geometry": {"type": "Point", "coordinates": [4.36623687144041,50.8636434360979]}, "properties": {"ID": 252,"GroupSecteur": "Vifquin","Secteur": "Vifquin 1","Rue": "Rue de Brabant","Total Interventions": 36,"Total Taxe": 1,"Total Mediation": 0,"Total Balayage": "","Total Déchetterie Mobile": 0}},{ "type": "Feature", "geometry": {"type": "Point", "coordinates": [4.36541025657126,50.866542442447]}, "properties": {"ID": 253,"GroupSecteur": "Vifquin","Secteur": "Vifquin 1","Rue": "Rue de Cologne","Total Interventions": 0,"Total Taxe": 0,"Total Mediation": 0,"Total Balayage": "","Total Déchetterie Mobile": 0}},{ "type": "Feature", "geometry": {"type": "Point", "coordinates": [4.36567969233583,50.8585925071747]}, "properties": {"ID": 254,"GroupSecteur": "Vifquin","Secteur": "Vifquin 1","Rue": "Rue de la Chaumière","Total Interventions": 31,"Total Taxe": 0,"Total Mediation": 0,"Total Balayage": 14.5,"Total Déchetterie Mobile": 0}},{ "type": "Feature", "geometry": {"type": "Point", "coordinates": [4.36433425716786,50.8601913317773]}, "properties": {"ID": 255,"GroupSecteur": "Vifquin","Secteur": "Vifquin 1","Rue": "Rue de la Fraternité","Total Interventions": 95,"Total Taxe": 0,"Total Mediation": 0,"Total Balayage": 18,"Total Déchetterie Mobile": 0}},{ "type": "Feature", "geometry": {"type": "Point", "coordinates": [4.36916195596642,50.8682153554702]}, "properties": {"ID": 256,"GroupSecteur": "Vifquin","Secteur": "Vifquin 1","Rue": "Rue de Moerkerke","Total Interventions": 20,"Total Taxe": 0,"Total Mediation": 0,"Total Balayage": 15.1666666666667,"Total Déchetterie Mobile": 0}},{ "type": "Feature", "geometry": {"type": "Point", "coordinates": [4.36511101912903,50.8637156409084]}, "properties": {"ID": 257,"GroupSecteur": "Vifquin","Secteur": "Vifquin 1","Rue": "Rue de Potter","Total Interventions": 1,"Total Taxe": 0,"Total Mediation": 0,"Total Balayage": "","Total Déchetterie Mobile": 0}},{ "type": "Feature", "geometry": {"type": "Point", "coordinates": [4.36492339519753,50.8610224271493]}, "properties": {"ID": 258,"GroupSecteur": "Vifquin","Secteur": "Vifquin 1","Rue": "Rue de Quatrecht","Total Interventions": 121,"Total Taxe": 1,"Total Mediation": 0,"Total Balayage": 18,"Total Déchetterie Mobile": 0}},{ "type": "Feature", "geometry": {"type": "Point", "coordinates": [4.36288746262158,50.8672219507207]}, "properties": {"ID": 259,"GroupSecteur": "Vifquin","Secteur": "Vifquin 1","Rue": "Rue Destouvelles","Total Interventions": 233,"Total Taxe": 1,"Total Mediation": 0,"Total Balayage": 14,"Total Déchetterie Mobile": 0}},{ "type": "Feature", "geometry": {"type": "Point", "coordinates": [4.3646941000525,50.8630824078383]}, "properties": {"ID": 260,"GroupSecteur": "Vifquin","Secteur": "Vifquin 1","Rue": "Rue d'Hoogvorst","Total Interventions": 1,"Total Taxe": 0,"Total Mediation": 0,"Total Balayage": "","Total Déchetterie Mobile": 0}},{ "type": "Feature", "geometry": {"type": "Point", "coordinates": [4.36584258736117,50.8688038718244]}, "properties": {"ID": 261,"GroupSecteur": "Vifquin","Secteur": "Vifquin 1","Rue": "Rue du Pavillon","Total Interventions": 272,"Total Taxe": 0,"Total Mediation": 0,"Total Balayage": 16,"Total Déchetterie Mobile": 0}},{ "type": "Feature", "geometry": {"type": "Point", "coordinates": [4.36425829503498,50.8685255982875]}, "properties": {"ID": 262,"GroupSecteur": "Vifquin","Secteur": "Vifquin 1","Rue": "Rue du Progrès","Total Interventions": 99,"Total Taxe": 0,"Total Mediation": 0,"Total Balayage": "","Total Déchetterie Mobile": 0}},{ "type": "Feature", "geometry": {"type": "Point", "coordinates": [4.36749704172467,50.8651460908202]}, "properties": {"ID": 263,"GroupSecteur": "Vifquin","Secteur": "Vifquin 1","Rue": "Rue Gallait","Total Interventions": 346,"Total Taxe": 5,"Total Mediation": 0,"Total Balayage": 19.5,"Total Déchetterie Mobile": 0}},{ "type": "Feature", "geometry": {"type": "Point", "coordinates": [4.36005807128804,50.8626650526743]}, "properties": {"ID": 264,"GroupSecteur": "Vifquin","Secteur": "Vifquin 1","Rue": "Rue Gaucheret","Total Interventions": 550,"Total Taxe": 2,"Total Mediation": 0,"Total Balayage": 17.1666666666667,"Total Déchetterie Mobile": 1}},{ "type": "Feature", "geometry": {"type": "Point", "coordinates": [4.36162452942775,50.8644318104448]}, "properties": {"ID": 265,"GroupSecteur": "Vifquin","Secteur": "Vifquin 1","Rue": "Rue Gendebien","Total Interventions": 128,"Total Taxe": 0,"Total Mediation": 0,"Total Balayage": 16.3333333333333,"Total Déchetterie Mobile": 0}},{ "type": "Feature", "geometry": {"type": "Point", "coordinates": [4.37149784083615,50.8706587211998]}, "properties": {"ID": 266,"GroupSecteur": "Vifquin","Secteur": "Vifquin 1","Rue": "Rue James Watt","Total Interventions": 37,"Total Taxe": 5,"Total Mediation": 0,"Total Balayage": 16,"Total Déchetterie Mobile": 0}},{ "type": "Feature", "geometry": {"type": "Point", "coordinates": [4.36086797678655,50.8666413095004]}, "properties": {"ID": 267,"GroupSecteur": "Vifquin","Secteur": "Vifquin 1","Rue": "Rue Jolly","Total Interventions": 126,"Total Taxe": 0,"Total Mediation": 0,"Total Balayage": 14,"Total Déchetterie Mobile": 0}},{ "type": "Feature", "geometry": {"type": "Point", "coordinates": [4.37167279734656,50.8711832818386]}, "properties": {"ID": 268,"GroupSecteur": "Vifquin","Secteur": "Vifquin 1","Rue": "Rue Joseph Jacquet","Total Interventions": 37,"Total Taxe": 0,"Total Mediation": 0,"Total Balayage": 15.5,"Total Déchetterie Mobile": 0}},{ "type": "Feature", "geometry": {"type": "Point", "coordinates": [4.36518775376868,50.8644331378388]}, "properties": {"ID": 269,"GroupSecteur": "Vifquin","Secteur": "Vifquin 1","Rue": "Rue Liedts","Total Interventions": 0,"Total Taxe": 0,"Total Mediation": 0,"Total Balayage": "","Total Déchetterie Mobile": 0}},{ "type": "Feature", "geometry": {"type": "Point", "coordinates": [4.36374781590182,50.8697935778428]}, "properties": {"ID": 270,"GroupSecteur": "Vifquin","Secteur": "Vifquin 1","Rue": "Rue Masui","Total Interventions": 335,"Total Taxe": 0,"Total Mediation": 0,"Total Balayage": 13.6666666666667,"Total Déchetterie Mobile": 0}},{ "type": "Feature", "geometry": {"type": "Point", "coordinates": [4.371085148967,50.8653815950624]}, "properties": {"ID": 271,"GroupSecteur": "Vifquin","Secteur": "Vifquin 1","Rue": "Rue Renkin","Total Interventions": 140,"Total Taxe": 0,"Total Mediation": 0,"Total Balayage": 18.1666666666667,"Total Déchetterie Mobile": 0}},{ "type": "Feature", "geometry": {"type": "Point", "coordinates": [4.36842067742323,50.8703639153171]}, "properties": {"ID": 272,"GroupSecteur": "Vifquin","Secteur": "Vifquin 1","Rue": "Rue Stephenson","Total Interventions": 131,"Total Taxe": 1,"Total Mediation": 0,"Total Balayage": 15.8333333333333,"Total Déchetterie Mobile": 0}},{ "type": "Feature", "geometry": {"type": "Point", "coordinates": [4.36102892518044,50.8630873876208]}, "properties": {"ID": 273,"GroupSecteur": "Vifquin","Secteur": "Vifquin 1","Rue": "Rue Suzanne Tassier","Total Interventions": 0,"Total Taxe": 1,"Total Mediation": 0,"Total Balayage": 16,"Total Déchetterie Mobile": 0}},{ "type": "Feature", "geometry": {"type": "Point", "coordinates": [4.3669533897827,50.8686358950728]}, "properties": {"ID": 274,"GroupSecteur": "Vifquin","Secteur": "Vifquin 1","Rue": "Rue Van Schoor","Total Interventions": 199,"Total Taxe": 4,"Total Mediation": 0,"Total Balayage": 14.5,"Total Déchetterie Mobile": 0}},{ "type": "Feature", "geometry": {"type": "Point", "coordinates": [4.36723623369526,50.8675791599351]}, "properties": {"ID": 275,"GroupSecteur": "Vifquin","Secteur": "Vifquin 1","Rue": "Rue Vanderlinden","Total Interventions": 309,"Total Taxe": 0,"Total Mediation": 0,"Total Balayage": 14.3333333333333,"Total Déchetterie Mobile": 0}},{ "type": "Feature", "geometry": {"type": "Point", "coordinates": [4.36947966442271,50.8650769297717]}, "properties": {"ID": 276,"GroupSecteur": "Vifquin","Secteur": "Vifquin 1","Rue": "Rue Vandermeersch","Total Interventions": 0,"Total Taxe": 0,"Total Mediation": 0,"Total Balayage": 19.3333333333333,"Total Déchetterie Mobile": 0}},{ "type": "Feature", "geometry": {"type": "Point", "coordinates": [4.36471544201094,50.8586750540481]}, "properties": {"ID": 277,"GroupSecteur": "Vifquin","Secteur": "Vifquin 1","Rue": "Rue Verte","Total Interventions": 707,"Total Taxe": 2,"Total Mediation": 0,"Total Balayage": 18.1666666666667,"Total Déchetterie Mobile": 0}},{ "type": "Feature", "geometry": {"type": "Point", "coordinates": [4.37239488387596,50.8682779429198]}, "properties": {"ID": 278,"GroupSecteur": "Vifquin","Secteur": "Vifquin 1","Rue": "Rue Vondel","Total Interventions": 122,"Total Taxe": 0,"Total Mediation": 0,"Total Balayage": 18.3333333333333,"Total Déchetterie Mobile": 0}},{ "type": "Feature", "geometry": {"type": "Point", "coordinates": [4.37531784895958,50.8704429181854]}, "properties": {"ID": 279,"GroupSecteur": "Vifquin","Secteur": "Vifquin 2","Rue": "Avenue Maréchal Foch","Total Interventions": 167,"Total Taxe": 2,"Total Mediation": 0,"Total Balayage": 20.5,"Total Déchetterie Mobile": 0}},{ "type": "Feature", "geometry": {"type": "Point", "coordinates": [4.37308082853571,50.8670472917359]}, "properties": {"ID": 280,"GroupSecteur": "Vifquin","Secteur": "Vifquin 2","Rue": "Place Colignon","Total Interventions": 152,"Total Taxe": 2,"Total Mediation": 0,"Total Balayage": "","Total Déchetterie Mobile": 0}},{ "type": "Feature", "geometry": {"type": "Point", "coordinates": [4.36950382471106,50.858916221644]}, "properties": {"ID": 281,"GroupSecteur": "Vifquin","Secteur": "Vifquin 2","Rue": "Place de la Reine","Total Interventions": 37,"Total Taxe": 0,"Total Mediation": 0,"Total Balayage": "","Total Déchetterie Mobile": 0}},{ "type": "Feature", "geometry": {"type": "Point", "coordinates": [4.37130938228151,50.8644111118981]}, "properties": {"ID": 282,"GroupSecteur": "Vifquin","Secteur": "Vifquin 2","Rue": "Place Lehon","Total Interventions": 71,"Total Taxe": 1,"Total Mediation": 0,"Total Balayage": 16.3333333333333,"Total Déchetterie Mobile": 1}},{ "type": "Feature", "geometry": {"type": "Point", "coordinates": [4.36848129212105,50.8631770835539]}, "properties": {"ID": 283,"GroupSecteur": "Vifquin","Secteur": "Vifquin 2","Rue": "Rue Brichaut","Total Interventions": 181,"Total Taxe": 2,"Total Mediation": 0,"Total Balayage": 17,"Total Déchetterie Mobile": 0}},{ "type": "Feature", "geometry": {"type": "Point", "coordinates": [4.37589885542608,50.869089872185]}, "properties": {"ID": 284,"GroupSecteur": "Vifquin","Secteur": "Vifquin 2","Rue": "Rue Camille Simoens","Total Interventions": 73,"Total Taxe": 0,"Total Mediation": 0,"Total Balayage": 15.6666666666667,"Total Déchetterie Mobile": 0}},{ "type": "Feature", "geometry": {"type": "Point", "coordinates": [4.37029881417678,50.8601846249142]}, "properties": {"ID": 285,"GroupSecteur": "Vifquin","Secteur": "Vifquin 2","Rue": "Rue de la Constitution","Total Interventions": 62,"Total Taxe": 0,"Total Mediation": 0,"Total Balayage": 18.5,"Total Déchetterie Mobile": 0}},{ "type": "Feature", "geometry": {"type": "Point", "coordinates": [4.36841955608638,50.8625895916328]}, "properties": {"ID": 286,"GroupSecteur": "Vifquin","Secteur": "Vifquin 2","Rue": "Rue de la Marne","Total Interventions": 113,"Total Taxe": 0,"Total Mediation": 0,"Total Balayage": 16.1666666666667,"Total Déchetterie Mobile": 0}},{ "type": "Feature", "geometry": {"type": "Point", "coordinates": [4.37076066444185,50.8643012573432]}, "properties": {"ID": 287,"GroupSecteur": "Vifquin","Secteur": "Vifquin 2","Rue": "Rue de la Poste","Total Interventions": 589,"Total Taxe": 12,"Total Mediation": 0,"Total Balayage": 21.3333333333333,"Total Déchetterie Mobile": 0}},{ "type": "Feature", "geometry": {"type": "Point", "coordinates": [4.37393968404779,50.8629340918779]}, "properties": {"ID": 288,"GroupSecteur": "Vifquin","Secteur": "Vifquin 2","Rue": "Rue de la Ruche","Total Interventions": 19,"Total Taxe": 0,"Total Mediation": 0,"Total Balayage": 13.1666666666667,"Total Déchetterie Mobile": 0}},{ "type": "Feature", "geometry": {"type": "Point", "coordinates": [4.37460635163469,50.8618710487323]}, "properties": {"ID": 289,"GroupSecteur": "Vifquin","Secteur": "Vifquin 2","Rue": "Rue de l'Est","Total Interventions": 41,"Total Taxe": 0,"Total Mediation": 0,"Total Balayage": 13.1666666666667,"Total Déchetterie Mobile": 0}},{ "type": "Feature", "geometry": {"type": "Point", "coordinates": [4.37233257004181,50.8637685833862]}, "properties": {"ID": 290,"GroupSecteur": "Vifquin","Secteur": "Vifquin 2","Rue": "Rue de Locht","Total Interventions": 239,"Total Taxe": 1,"Total Mediation": 0,"Total Balayage": 29.8333333333333,"Total Déchetterie Mobile": 0}},{ "type": "Feature", "geometry": {"type": "Point", "coordinates": [4.37233257004181,50.8637685833862]}, "properties": {"ID": 291,"GroupSecteur": "Vifquin","Secteur": "Vifquin 2","Rue": "Rue de Locht","Total Interventions": 239,"Total Taxe": 1,"Total Mediation": 0,"Total Balayage": 29.8333333333333,"Total Déchetterie Mobile": 0}},{ "type": "Feature", "geometry": {"type": "Point", "coordinates": [4.37388116677476,50.8610201023578]}, "properties": {"ID": 292,"GroupSecteur": "Vifquin","Secteur": "Vifquin 2","Rue": "Rue de Robiano","Total Interventions": 283,"Total Taxe": 1,"Total Mediation": 0,"Total Balayage": 18.6666666666667,"Total Déchetterie Mobile": 0}},{ "type": "Feature", "geometry": {"type": "Point", "coordinates": [4.37500431747416,50.8684837244669]}, "properties": {"ID": 293,"GroupSecteur": "Vifquin","Secteur": "Vifquin 2","Rue": "Rue des Ailes","Total Interventions": 110,"Total Taxe": 0,"Total Mediation": 0,"Total Balayage": 15.5,"Total Déchetterie Mobile": 0}},{ "type": "Feature", "geometry": {"type": "Point", "coordinates": [4.36331284260882,50.8592459468776]}, "properties": {"ID": 294,"GroupSecteur": "Vifquin","Secteur": "Vifquin 2","Rue": "Rue des Plantes","Total Interventions": 170,"Total Taxe": 1,"Total Mediation": 0,"Total Balayage": 21.6666666666667,"Total Déchetterie Mobile": 0}},{ "type": "Feature", "geometry": {"type": "Point", "coordinates": [4.36619656132744,50.8589460154826]}, "properties": {"ID": 295,"GroupSecteur": "Vifquin","Secteur": "Vifquin 2","Rue": "Rue Dupont","Total Interventions": 346,"Total Taxe": 15,"Total Mediation": 0,"Total Balayage": 21.6666666666667,"Total Déchetterie Mobile": 0}},{ "type": "Feature", "geometry": {"type": "Point", "coordinates": [4.37186666099863,50.8664963221799]}, "properties": {"ID": 296,"GroupSecteur": "Vifquin","Secteur": "Vifquin 2","Rue": "Rue Emmanuel Hiel","Total Interventions": 40,"Total Taxe": 0,"Total Mediation": 0,"Total Balayage": 20.6666666666667,"Total Déchetterie Mobile": 0}},{ "type": "Feature", "geometry": {"type": "Point", "coordinates": [4.37253171477536,50.8677595997486]}, "properties": {"ID": 297,"GroupSecteur": "Vifquin","Secteur": "Vifquin 2","Rue": "Rue Floris","Total Interventions": 68,"Total Taxe": 0,"Total Mediation": 0,"Total Balayage": 21,"Total Déchetterie Mobile": 0}},{ "type": "Feature", "geometry": {"type": "Point", "coordinates": [4.3727501711401,50.864526928975]}, "properties": {"ID": 298,"GroupSecteur": "Vifquin","Secteur": "Vifquin 2","Rue": "Rue François Degreef","Total Interventions": 9,"Total Taxe": 0,"Total Mediation": 0,"Total Balayage": 18,"Total Déchetterie Mobile": 0}},{ "type": "Feature", "geometry": {"type": "Point", "coordinates": [4.37771077798628,50.8688175012953]}, "properties": {"ID": 299,"GroupSecteur": "Vifquin","Secteur": "Vifquin 2","Rue": "Rue Général Eenens","Total Interventions": "","Total Taxe": "","Total Mediation": "","Total Balayage": 16.1666666666667,"Total Déchetterie Mobile": 0}},{ "type": "Feature", "geometry": {"type": "Point", "coordinates": [4.37598686552466,50.8674544188918]}, "properties": {"ID": 300,"GroupSecteur": "Vifquin","Secteur": "Vifquin 2","Rue": "Rue Goossens","Total Interventions": 73,"Total Taxe": 0,"Total Mediation": 0,"Total Balayage": 15.6666666666667,"Total Déchetterie Mobile": 0}},{ "type": "Feature", "geometry": {"type": "Point", "coordinates": [4.37255488844725,50.8641655938895]}, "properties": {"ID": 301,"GroupSecteur": "Vifquin","Secteur": "Vifquin 2","Rue": "Rue Hancart","Total Interventions": 25,"Total Taxe": 0,"Total Mediation": 0,"Total Balayage": 18,"Total Déchetterie Mobile": 0}},{ "type": "Feature", "geometry": {"type": "Point", "coordinates": [4.36834690215579,50.8621225977759]}, "properties": {"ID": 302,"GroupSecteur": "Vifquin","Secteur": "Vifquin 2","Rue": "Rue Lefrancq","Total Interventions": 125,"Total Taxe": 0,"Total Mediation": 0,"Total Balayage": 34.6666666666667,"Total Déchetterie Mobile": 0}},{ "type": "Feature", "geometry": {"type": "Point", "coordinates": [4.36834690215579,50.8621225977759]}, "properties": {"ID": 303,"GroupSecteur": "Vifquin","Secteur": "Vifquin 2","Rue": "Rue Lefrancq","Total Interventions": 125,"Total Taxe": 0,"Total Mediation": 0,"Total Balayage": 34.6666666666667,"Total Déchetterie Mobile": 0}},{ "type": "Feature", "geometry": {"type": "Point", "coordinates": [4.36417656279015,50.8590442582292]}, "properties": {"ID": 304,"GroupSecteur": "Vifquin","Secteur": "Vifquin 2","Rue": "Rue Linné","Total Interventions": 68,"Total Taxe": 1,"Total Mediation": 0,"Total Balayage": 21.8333333333333,"Total Déchetterie Mobile": 0}},{ "type": "Feature", "geometry": {"type": "Point", "coordinates": [4.37617957722311,50.870472011554]}, "properties": {"ID": 305,"GroupSecteur": "Vifquin","Secteur": "Vifquin 2","Rue": "Rue Metsys","Total Interventions": 145,"Total Taxe": 2,"Total Mediation": 0,"Total Balayage": 16,"Total Déchetterie Mobile": 0}},{ "type": "Feature", "geometry": {"type": "Point", "coordinates": [4.37216978433985,50.8691859226732]}, "properties": {"ID": 306,"GroupSecteur": "Vifquin","Secteur": "Vifquin 2","Rue": "Rue Quinaux","Total Interventions": 105,"Total Taxe": 4,"Total Mediation": 0,"Total Balayage": 21.3333333333333,"Total Déchetterie Mobile": 0}},{ "type": "Feature", "geometry": {"type": "Point", "coordinates": [4.37073497462535,50.8609430491157]}, "properties": {"ID": 307,"GroupSecteur": "Vifquin","Secteur": "Vifquin 2","Rue": "Rue Rogier","Total Interventions": 299,"Total Taxe": 2,"Total Mediation": 0,"Total Balayage": 36.3333333333333,"Total Déchetterie Mobile": 0}},{ "type": "Feature", "geometry": {"type": "Point", "coordinates": [4.37073497462535,50.8609430491157]}, "properties": {"ID": 308,"GroupSecteur": "Vifquin","Secteur": "Vifquin 2","Rue": "Rue Rogier","Total Interventions": 299,"Total Taxe": 2,"Total Mediation": 0,"Total Balayage": 36.3333333333333,"Total Déchetterie Mobile": 0}},{ "type": "Feature", "geometry": {"type": "Point", "coordinates": [4.37299579989231,50.866437606614]}, "properties": {"ID": 309,"GroupSecteur": "Vifquin","Secteur": "Vifquin 2","Rue": "Rue Royale-Sainte-Marie","Total Interventions": 390,"Total Taxe": 12,"Total Mediation": 0,"Total Balayage": 16.5,"Total Déchetterie Mobile": 0}},{ "type": "Feature", "geometry": {"type": "Point", "coordinates": [4.37376006221821,50.8661067619482]}, "properties": {"ID": 310,"GroupSecteur": "Vifquin","Secteur": "Vifquin 2","Rue": "Rue Rubens","Total Interventions": 171,"Total Taxe": 5,"Total Mediation": 0,"Total Balayage": 16.8333333333333,"Total Déchetterie Mobile": 0}},{ "type": "Feature", "geometry": {"type": "Point", "coordinates": [4.37196747903402,50.8631137356279]}, "properties": {"ID": 311,"GroupSecteur": "Vifquin","Secteur": "Vifquin 2","Rue": "Rue Vandeweyer","Total Interventions": 313,"Total Taxe": 1,"Total Mediation": 0,"Total Balayage": 31.1666666666667,"Total Déchetterie Mobile": 0}},{ "type": "Feature", "geometry": {"type": "Point", "coordinates": [4.37196747903402,50.8631137356279]}, "properties": {"ID": 312,"GroupSecteur": "Vifquin","Secteur": "Vifquin 2","Rue": "Rue Vandeweyer","Total Interventions": 313,"Total Taxe": 1,"Total Mediation": 0,"Total Balayage": 31.1666666666667,"Total Déchetterie Mobile": 0}},{ "type": "Feature", "geometry": {"type": "Point", "coordinates": [4.37258536354759,50.86718138022]}, "properties": {"ID": 313,"GroupSecteur": "Vifquin","Secteur": "Vifquin 2","Rue": "Rue Verhas","Total Interventions": 44,"Total Taxe": 1,"Total Mediation": 0,"Total Balayage": 20.8333333333333,"Total Déchetterie Mobile": 0}},{ "type": "Feature", "geometry": {"type": "Point", "coordinates": [4.37437067722579,50.8666397241775]}, "properties": {"ID": 314,"GroupSecteur": "Vifquin","Secteur": "Vifquin 2","Rue": "Rue Verwée","Total Interventions": 12,"Total Taxe": 0,"Total Mediation": 0,"Total Balayage": 21.1666666666667,"Total Déchetterie Mobile": 0}},{ "type": "Feature", "geometry": {"type": "Point", "coordinates": [4.37404272908644,50.8614353079525]}, "properties": {"ID": 315,"GroupSecteur": "Vifquin","Secteur": "Vifquin 2","Rue": "Rue Vifquin","Total Interventions": 287,"Total Taxe": 1,"Total Mediation": 0,"Total Balayage": 18.1666666666667,"Total Déchetterie Mobile": 0}},{ "type": "Feature", "geometry": {"type": "Point", "coordinates": [4.36282004203503,50.8689045703772]}, "properties": {"ID": 316,"GroupSecteur": "Vifquin","Secteur": "Vifquin 3","Rue": "Avenue de la Reine","Total Interventions": 39,"Total Taxe": 0,"Total Mediation": 0,"Total Balayage": "","Total Déchetterie Mobile": 0}},{ "type": "Feature", "geometry": {"type": "Point", "coordinates": [4.38490920375635,50.8664240848587]}, "properties": {"ID": 317,"GroupSecteur": "Vifquin","Secteur": "Vifquin 3","Rue": "Avenue Louis Bertrand","Total Interventions": "","Total Taxe": "","Total Mediation": "","Total Balayage": 12.1666666666667,"Total Déchetterie Mobile": 0}},{ "type": "Feature", "geometry": {"type": "Point", "coordinates": [4.3932038233588,50.8560465993798]}, "properties": {"ID": 318,"GroupSecteur": "Vifquin","Secteur": "Vifquin 3","Rue": "Avenue Rogier","Total Interventions": "","Total Taxe": "","Total Mediation": "","Total Balayage": 18.1666666666667,"Total Déchetterie Mobile": 0}},{ "type": "Feature", "geometry": {"type": "Point", "coordinates": [4.37263687688304,50.8580417455499]}, "properties": {"ID": 319,"GroupSecteur": "Vifquin","Secteur": "Vifquin 3","Rue": "Petite rue L'Olivier","Total Interventions": 13,"Total Taxe": 0,"Total Mediation": 0,"Total Balayage": 17.8333333333333,"Total Déchetterie Mobile": 0}},{ "type": "Feature", "geometry": {"type": "Point", "coordinates": [4.37718206990525,50.8652140826918]}, "properties": {"ID": 320,"GroupSecteur": "Vifquin","Secteur": "Vifquin 3","Rue": "Place de Houffalize","Total Interventions": 25,"Total Taxe": 0,"Total Mediation": 0,"Total Balayage": 19.5,"Total Déchetterie Mobile": 0}},{ "type": "Feature", "geometry": {"type": "Point", "coordinates": [4.37534926582271,50.8663295979068]}, "properties": {"ID": 321,"GroupSecteur": "Vifquin","Secteur": "Vifquin 3","Rue": "Place Pogge","Total Interventions": 0,"Total Taxe": 0,"Total Mediation": 0,"Total Balayage": "","Total Déchetterie Mobile": 0}},{ "type": "Feature", "geometry": {"type": "Point", "coordinates": [4.36876650121831,50.8573448240427]}, "properties": {"ID": 322,"GroupSecteur": "Vifquin","Secteur": "Vifquin 3","Rue": "Rue Cornet de Grez","Total Interventions": 3,"Total Taxe": 0,"Total Mediation": 0,"Total Balayage": 15.6666666666667,"Total Déchetterie Mobile": 0}},{ "type": "Feature", "geometry": {"type": "Point", "coordinates": [4.37468857668334,50.8649945870304]}, "properties": {"ID": 323,"GroupSecteur": "Vifquin","Secteur": "Vifquin 3","Rue": "Rue Creuse","Total Interventions": 65,"Total Taxe": 0,"Total Mediation": 0,"Total Balayage": 13.8333333333333,"Total Déchetterie Mobile": 0}},{ "type": "Feature", "geometry": {"type": "Point", "coordinates": [4.36937946512545,50.858247987464]}, "properties": {"ID": 324,"GroupSecteur": "Vifquin","Secteur": "Vifquin 3","Rue": "Rue de Beughem","Total Interventions": 63,"Total Taxe": 0,"Total Mediation": 0,"Total Balayage": 16.1666666666667,"Total Déchetterie Mobile": 0}},{ "type": "Feature", "geometry": {"type": "Point", "coordinates": [4.37755183842438,50.8670243070383]}, "properties": {"ID": 325,"GroupSecteur": "Vifquin","Secteur": "Vifquin 3","Rue": "Rue de Jérusalem","Total Interventions": 74,"Total Taxe": 0,"Total Mediation": 0,"Total Balayage": 19.6666666666667,"Total Déchetterie Mobile": 0}},{ "type": "Feature", "geometry": {"type": "Point", "coordinates": [4.37875965520133,50.8630651182805]}, "properties": {"ID": 326,"GroupSecteur": "Vifquin","Secteur": "Vifquin 3","Rue": "Rue Edouard Fiers","Total Interventions": 97,"Total Taxe": 0,"Total Mediation": 0,"Total Balayage": 12.6666666666667,"Total Déchetterie Mobile": 0}},{ "type": "Feature", "geometry": {"type": "Point", "coordinates": [4.37624537022281,50.8650139218521]}, "properties": {"ID": 327,"GroupSecteur": "Vifquin","Secteur": "Vifquin 3","Rue": "Rue Ernest Discailles","Total Interventions": 30,"Total Taxe": 1,"Total Mediation": 0,"Total Balayage": 14,"Total Déchetterie Mobile": 0}},{ "type": "Feature", "geometry": {"type": "Point", "coordinates": [4.37737716590232,50.8665542209143]}, "properties": {"ID": 328,"GroupSecteur": "Vifquin","Secteur": "Vifquin 3","Rue": "Rue Ernest Laude","Total Interventions": 96,"Total Taxe": 0,"Total Mediation": 0,"Total Balayage": 19.1666666666667,"Total Déchetterie Mobile": 0}},{ "type": "Feature", "geometry": {"type": "Point", "coordinates": [4.37467618702772,50.8576136871766]}, "properties": {"ID": 329,"GroupSecteur": "Vifquin","Secteur": "Vifquin 3","Rue": "Rue Geefs","Total Interventions": 63,"Total Taxe": 1,"Total Mediation": 0,"Total Balayage": 16.6666666666667,"Total Déchetterie Mobile": 0}},{ "type": "Feature", "geometry": {"type": "Point", "coordinates": [4.37492754855396,50.866035705809]}, "properties": {"ID": 330,"GroupSecteur": "Vifquin","Secteur": "Vifquin 3","Rue": "Rue Henri Bergé","Total Interventions": 164,"Total Taxe": 0,"Total Mediation": 0,"Total Balayage": 14.1666666666667,"Total Déchetterie Mobile": 0}},{ "type": "Feature", "geometry": {"type": "Point", "coordinates": [4.37737731517982,50.8640286992656]}, "properties": {"ID": 331,"GroupSecteur": "Vifquin","Secteur": "Vifquin 3","Rue": "Rue Herman","Total Interventions": 65,"Total Taxe": 0,"Total Mediation": 0,"Total Balayage": 18.8333333333333,"Total Déchetterie Mobile": 0}},{ "type": "Feature", "geometry": {"type": "Point", "coordinates": [4.37529345912293,50.8644107057663]}, "properties": {"ID": 332,"GroupSecteur": "Vifquin","Secteur": "Vifquin 3","Rue": "Rue Jenatzy","Total Interventions": 29,"Total Taxe": 0,"Total Mediation": 0,"Total Balayage": 13.8333333333333,"Total Déchetterie Mobile": 0}},{ "type": "Feature", "geometry": {"type": "Point", "coordinates": [4.37489860750097,50.8591706724172]}, "properties": {"ID": 333,"GroupSecteur": "Vifquin","Secteur": "Vifquin 3","Rue": "Rue Josaphat","Total Interventions": 821,"Total Taxe": 4,"Total Mediation": 0,"Total Balayage": 19.6666666666667,"Total Déchetterie Mobile": 0}},{ "type": "Feature", "geometry": {"type": "Point", "coordinates": [4.37668992999588,50.8644428219716]}, "properties": {"ID": 334,"GroupSecteur": "Vifquin","Secteur": "Vifquin 3","Rue": "Rue Joseph Brand","Total Interventions": 225,"Total Taxe": 1,"Total Mediation": 0,"Total Balayage": 14.3333333333333,"Total Déchetterie Mobile": 0}},{ "type": "Feature", "geometry": {"type": "Point", "coordinates": [4.37799785183622,50.8619630057082]}, "properties": {"ID": 335,"GroupSecteur": "Vifquin","Secteur": "Vifquin 3","Rue": "Rue Kessels","Total Interventions": 180,"Total Taxe": 0,"Total Mediation": 0,"Total Balayage": 12.8333333333333,"Total Déchetterie Mobile": 0}},{ "type": "Feature", "geometry": {"type": "Point", "coordinates": [4.37163983672804,50.8585867733055]}, "properties": {"ID": 336,"GroupSecteur": "Vifquin","Secteur": "Vifquin 3","Rue": "Rue L'Olivier","Total Interventions": 222,"Total Taxe": 0,"Total Mediation": 0,"Total Balayage": 17.8333333333333,"Total Déchetterie Mobile": 0}},{ "type": "Feature", "geometry": {"type": "Point", "coordinates": [4.37455573700763,50.8569543778835]}, "properties": {"ID": 337,"GroupSecteur": "Vifquin","Secteur": "Vifquin 3","Rue": "Rue Massaux","Total Interventions": 54,"Total Taxe": 0,"Total Mediation": 0,"Total Balayage": 16.3333333333333,"Total Déchetterie Mobile": 0}},{ "type": "Feature", "geometry": {"type": "Point", "coordinates": [4.3713365922062,50.8572825639167]}, "properties": {"ID": 338,"GroupSecteur": "Vifquin","Secteur": "Vifquin 3","Rue": "Rue Philomène","Total Interventions": 319,"Total Taxe": 0,"Total Mediation": 0,"Total Balayage": 16.5,"Total Déchetterie Mobile": 0}},{ "type": "Feature", "geometry": {"type": "Point", "coordinates": [4.37395372778269,50.8563259516315]}, "properties": {"ID": 339,"GroupSecteur": "Vifquin","Secteur": "Vifquin 3","Rue": "Rue Potagère","Total Interventions": 44,"Total Taxe": 1,"Total Mediation": 0,"Total Balayage": 16.3333333333333,"Total Déchetterie Mobile": 0}},{ "type": "Feature", "geometry": {"type": "Point", "coordinates": [4.36817598532764,50.8579880787515]}, "properties": {"ID": 340,"GroupSecteur": "Vifquin","Secteur": "Vifquin 3","Rue": "Rue Royale","Total Interventions": 6,"Total Taxe": 0,"Total Mediation": 0,"Total Balayage": "","Total Déchetterie Mobile": 0}},{ "type": "Feature", "geometry": {"type": "Point", "coordinates": [4.37250261110644,50.8589393329328]}, "properties": {"ID": 341,"GroupSecteur": "Vifquin","Secteur": "Vifquin 3","Rue": "Rue Seutin","Total Interventions": 93,"Total Taxe": 0,"Total Mediation": 0,"Total Balayage": 18,"Total Déchetterie Mobile": 0}},{ "type": "Feature", "geometry": {"type": "Point", "coordinates": [4.37813533550445,50.8644228898922]}, "properties": {"ID": 342,"GroupSecteur": "Vifquin","Secteur": "Vifquin 3","Rue": "Rue Teniers","Total Interventions": 40,"Total Taxe": 0,"Total Mediation": 0,"Total Balayage": 19.5,"Total Déchetterie Mobile": 0}},{ "type": "Feature", "geometry": {"type": "Point", "coordinates": [4.37548568003281,50.858473610797]}, "properties": {"ID": 343,"GroupSecteur": "Vifquin","Secteur": "Vifquin 3","Rue": "Rue Thiéfry","Total Interventions": "","Total Taxe": "","Total Mediation": "","Total Balayage": 17.5,"Total Déchetterie Mobile": 0}},{ "type": "Feature", "geometry": {"type": "Point", "coordinates": [4.37164224333277,50.8576918669904]}, "properties": {"ID": 344,"GroupSecteur": "Vifquin","Secteur": "Vifquin 3","Rue": "Rue Van Dyck","Total Interventions": 231,"Total Taxe": 0,"Total Mediation": 0,"Total Balayage": 16.6666666666667,"Total Déchetterie Mobile": 0}},{ "type": "Feature", "geometry": {"type": "Point", "coordinates": [4.3770424412665,50.8607595522443]}, "properties": {"ID": 345,"GroupSecteur": "Vifquin","Secteur": "Vifquin 3","Rue": "Rue Van Hoorde","Total Interventions": 89,"Total Taxe": 1,"Total Mediation": 0,"Total Balayage": 19.1666666666667,"Total Déchetterie Mobile": 0}},{ "type": "Feature", "geometry": {"type": "Point", "coordinates": [4.37619949180705,50.8658878770608]}, "properties": {"ID": 346,"GroupSecteur": "Vifquin","Secteur": "Vifquin 3","Rue": "Rue Vogler","Total Interventions": 107,"Total Taxe": 0,"Total Mediation": 0,"Total Balayage": 14.1666666666667,"Total Déchetterie Mobile": 0}}]}
